,Purchase_History_ID,User_ID_x,Laptop_ID,Date_Purchased,User_ID_y,Date_Created,Time_Created
554,10299,81687237,3491378874,2023-01-11,,,
924,10466,85458632,8560445125,2021-08-10,,,
56,10529,67450386,5181953105,2020-09-04,,,
319,10602,96127152,6202404550,2024-11-30,,,
659,10701,43483946,3341351307,2021-09-25,,,
654,10761,65798345,2882661886,2024-08-05,,,
314,10806,49519999,6692631107,2022-05-06,,,
335,10923,68724445,7021563551,2021-01-16,59254326.0,22/07/1974,4:40:50
925,10991,78386918,1575918443,2020-11-25,,,
249,11002,68000917,6241464287,2021-05-30,,,
903,11021,75923497,1369671571,2020-01-25,,,
942,11059,91790281,3177954449,2024-06-09,,,
225,11116,84502431,6462205776,2021-11-16,,,
465,11127,87266017,2045277163,2023-08-18,,,
759,11132,68066340,8791845876,2024-04-16,,,
573,11136,45564322,6057990033,2023-04-08,,,
520,11162,76178911,2157116800,2024-02-10,,,
703,11214,65897100,4407836297,2022-02-07,,,
181,11504,26628707,4002376100,2020-06-12,,,
589,11526,35863039,1822848310,2021-07-14,,,
275,11656,12880096,2744382451,2024-04-14,,,
200,11699,99753358,8666456298,2022-03-04,,,
562,11720,38845092,6647330424,2023-09-13,,,
80,11875,29727293,8521525520,2020-09-28,,,
105,11876,45392302,6325144228,2023-07-05,,,
665,11892,21079066,7062835679,2023-08-19,,,
766,11893,90266163,5994997253,2022-04-02,,,
285,12057,86783477,6471396781,2023-04-24,,,
295,12112,54566043,1456011908,2023-01-15,,,
922,12216,19175362,1223716602,2024-01-16,,,
674,12220,74033597,7989819422,2022-09-09,,,
616,12490,32979219,9348249576,2020-05-25,,,
747,12577,90586169,3083868766,2021-10-12,,,
143,12631,13483537,6212876641,2021-01-24,,,
485,12663,26341639,7043161918,2022-05-02,,,
795,12930,14865637,8435847209,2022-08-31,,,
243,13053,10251520,7972883977,2020-12-17,,,
512,13149,67148673,3494932337,2022-02-04,,,
147,13294,64022977,1342401079,2023-07-16,,,
338,13375,30009257,4657317381,2023-06-11,,,
184,13393,58986532,6636984955,2022-08-05,,,
3,13570,39168819,5732867752,2020-06-26,,,
635,13699,65846749,3315852483,2022-12-01,,,
398,13733,11908883,5839203457,2020-02-07,,,
920,13798,24434802,5580499592,2020-07-07,,,
94,13830,15325208,7029682080,2022-01-27,,,
819,13853,51285773,9996239363,2024-11-15,,,
268,13937,43483826,6829582407,2022-07-08,,,
378,14092,10552847,7729148667,2022-11-05,,,
572,14177,93236363,9882790741,2024-10-23,,,
857,14208,86117222,2772555360,2021-04-12,,,
164,14474,77607603,7606665363,2023-10-29,,,
14,14482,42769041,3221977133,2021-07-02,,,
932,14531,72520662,7821310721,2021-05-21,,,
66,14566,23043474,6123192031,2020-06-08,,,
855,14707,59966718,5458527711,2024-02-18,,,
8,15019,56512043,6779347970,2024-02-26,,,
685,15076,42132547,4526600105,2020-10-10,,,
115,15200,70287446,5679982786,2022-07-27,,,
26,15210,96928621,4799257442,2021-08-24,,,
622,15299,53076701,4034000377,2020-03-14,,,
944,15365,16895498,2430592842,2022-12-15,,,
848,15493,94706704,6107126792,2023-09-04,,,
770,15630,81551062,6367215704,2023-07-02,,,
162,15659,92273846,4199909053,2023-02-16,,,
173,15830,64074043,8008650635,2024-12-30,,,
236,15843,16707485,3880855033,2023-02-08,,,
90,16069,72961253,9081153072,2020-11-17,,,
543,16296,72844338,2530935044,2020-04-13,,,
567,16316,25720476,9323616436,2024-10-05,,,
191,16597,37436567,7221614315,2020-06-18,,,
798,16711,17744153,3808536799,2023-02-05,,,
923,16732,63772456,8055506447,2020-06-13,,,
96,16748,25873552,7597928290,2020-05-08,,,
360,16915,24889351,4555105638,2021-02-19,,,
978,17274,36687364,2549617037,2021-07-21,,,
311,17398,82087719,9962324193,2023-08-01,,,
42,17420,69001578,6054215743,2023-05-28,,,
196,17425,80791181,5348753775,2024-12-19,,,
114,17525,26426104,9728431549,2021-08-01,,,
28,17585,95362884,7760876606,2022-02-27,,,
330,17682,34930072,6242785270,2023-03-22,,,
411,17757,73305102,8125502422,2024-01-27,,,
840,17810,11355741,5007124122,2024-05-27,,,
534,17857,93245321,2156806460,2020-12-24,,,
259,17882,93348553,5302920397,2024-09-07,,,
235,17890,93305239,5974472347,2022-09-17,,,
536,17910,49503179,8546012564,2023-11-02,,,
980,17999,36020355,9618870012,2024-12-19,,,
357,18001,59637336,8283636046,2020-11-04,,,
775,18076,42255940,2948429120,2020-08-29,,,
929,18152,47891816,3182673832,2023-12-30,,,
57,18334,47687391,2457228456,2021-08-25,,,
385,18373,51176982,1831237145,2022-06-21,,,
263,18449,84130989,8209013934,2023-07-25,,,
581,18502,43864235,3117337941,2020-10-11,,,
291,18537,38308645,5990179457,2022-09-29,,,
166,18690,82787571,9255196601,2023-04-23,,,
948,18702,98725809,6993949516,2021-01-08,,,
584,18835,33895777,4805734268,2022-10-27,,,
422,18986,13098124,6164041826,2023-07-15,,,
588,19120,53213286,9515869665,2023-07-01,,,
906,19296,81815765,2524558749,2022-11-30,,,
854,19609,19692229,4212511544,2023-01-02,,,
40,19689,22321461,6247599236,2022-09-26,,,
868,19788,40540884,2607279501,2020-10-08,,,
865,19814,45676864,5594011440,2020-05-01,,,
502,19828,42699659,7093756970,2020-06-20,,,
278,19846,98338944,3295233215,2023-09-19,,,
982,19872,42558343,4404031456,2023-08-15,,,
490,19905,13648302,2751893483,2024-02-11,,,
93,19990,47935628,1613361598,2024-12-27,,,
237,19992,41027592,4670210223,2020-08-19,,,
482,20133,15322129,2854786573,2021-05-21,,,
366,20295,71923518,5805533019,2020-05-18,,,
384,20353,48822328,2661492351,2024-07-21,,,
678,20402,41516041,3316208545,2022-04-03,,,
242,20430,89734250,6249608334,2021-12-07,,,
412,20497,61500411,4155659865,2023-05-21,78422038.0,24/03/2001,5:22:12
286,20514,21168654,9974576805,2023-10-16,,,
260,20581,19451603,8534022977,2024-07-01,,,
847,20584,90652336,6924868850,2023-06-02,,,
820,20728,41141399,7975122780,2024-04-06,,,
451,20740,13278505,3872882174,2023-05-01,,,
439,20804,30005755,7361574877,2022-03-10,,,
992,20810,94476564,6624757917,2020-07-13,,,
863,20922,89184254,4647855343,2024-08-26,,,
31,21059,27395296,8962033421,2024-02-12,,,
427,21090,92770224,8682786182,2023-06-01,,,
921,21233,28699998,4930009989,2021-08-09,,,
221,21304,99498752,6709244200,2022-04-23,,,
956,21336,26485716,4363632156,2024-11-09,,,
354,21341,57239480,5740194040,2023-07-12,,,
515,21383,52062834,3020178924,2021-11-22,,,
632,21515,15914690,4941365616,2020-01-07,,,
446,21635,99079664,3351188342,2023-10-01,,,
169,21711,34170772,2194110941,2021-12-22,,,
281,21722,47660243,1866355900,2023-12-24,,,
917,21748,89612126,7530512682,2023-05-11,,,
11,21769,86890786,4336015208,2023-05-11,,,
493,21871,30759765,6369177909,2022-11-05,,,
362,21935,54717999,4943308057,2023-06-23,,,
460,21953,53966011,9019013596,2022-05-19,,,
556,22042,73528177,7638359954,2020-11-23,,,
958,22255,79867263,3187860055,2024-03-03,31647123.0,4/09/1991,14:41:20
555,22285,27316494,6940039562,2023-12-10,,,
51,22477,23605439,4729849745,2022-02-13,,,
580,22900,56039740,3625133627,2024-05-13,,,
870,23193,70508830,2880337210,2022-02-03,,,
758,23322,49946156,6569733128,2023-12-07,,,
287,23391,82381592,6204727381,2024-06-09,,,
926,23502,96227070,2739089556,2020-12-08,,,
872,23611,69703373,9095701495,2021-09-20,,,
395,23622,69875599,9824155211,2021-09-30,,,
919,23761,41125458,6628946619,2022-07-08,,,
644,23768,51587982,3056998492,2021-01-01,,,
623,23889,83055425,7377454022,2022-03-19,,,
553,24026,10794934,2487089412,2023-08-19,,,
877,24034,30067407,1026657710,2021-02-09,,,
918,24069,66668572,4107797354,2023-04-08,,,
370,24084,77508606,4240824862,2023-03-17,,,
212,24098,78711176,9184517397,2022-03-08,,,
880,24254,10057192,9727427373,2022-03-25,,,
464,24318,65982507,3340312393,2020-02-18,,,
867,24538,44477995,7297316603,2021-08-27,,,
969,24538,90136020,8178263758,2020-08-26,,,
188,24712,19482470,6412456356,2022-08-17,,,
312,24725,83948692,1715992878,2024-05-24,,,
351,24763,63202344,2626185841,2021-02-23,,,
176,24845,86697794,4986246665,2023-11-01,,,
17,24924,71745730,6650029449,2021-02-09,,,
137,25048,43637646,1152440575,2023-09-04,,,
687,25172,29751026,6090231711,2021-12-10,,,
521,25174,70543716,2672835577,2024-05-06,,,
102,25201,57565017,6887127464,2020-08-01,,,
595,25305,72570218,5204159076,2024-03-28,,,
303,25342,20695411,9421478187,2024-04-27,,,
462,25439,73723455,6314958236,2024-04-23,73152885.0,2/03/1991,2:07:50
977,25509,35275607,7785447450,2020-10-02,,,
321,25610,92602775,6749885996,2021-09-19,,,
670,26088,18796027,5503712569,2023-06-11,,,
873,26168,20491887,2321306577,2020-07-25,,,
952,26265,54928220,6199775462,2024-02-17,,,
272,26301,94602850,1353327083,2022-03-07,,,
393,26538,23422671,5738202882,2023-06-23,,,
59,26782,84628660,3975687932,2023-04-29,,,
765,26791,92911770,8294945359,2021-02-04,,,
700,26909,92506719,3094393356,2021-08-01,,,
834,27357,67366292,3709140900,2021-06-14,,,
888,27398,86009051,4179704709,2024-09-02,,,
713,27474,91059612,2149130694,2021-05-01,,,
418,27528,31900769,5619578698,2023-03-01,,,
664,27564,49164037,3110827486,2022-12-14,,,
681,27695,44508483,7216760383,2023-08-14,,,
604,27876,85127044,7930837722,2021-03-01,,,
254,27881,29370165,5213011062,2023-07-26,,,
36,27920,84199321,8422573484,2024-03-06,,,
101,28037,60257037,7149158639,2022-07-18,,,
772,28047,52759865,9489379743,2021-12-13,,,
788,28101,52616519,4980833927,2024-12-29,,,
178,28186,45342106,7871085383,2023-06-06,,,
549,28263,84816684,1134813321,2021-12-01,,,
240,28485,46126092,3718423342,2023-11-03,,,
961,28546,37140733,5632682502,2021-04-15,,,
800,28603,30315125,5970823087,2023-03-30,,,
861,28667,34796060,3884939177,2020-05-26,,,
636,28686,68899346,7936219781,2024-02-10,,,
126,28724,35869046,7408950346,2023-05-22,,,
830,28753,31933629,9870583267,2020-06-12,,,
307,28879,19672194,5286086352,2023-05-06,,,
266,28982,97299311,2612213767,2021-09-22,,,
193,28993,59531656,9309954486,2020-08-27,,,
180,29186,16495380,3797330395,2021-11-30,,,
202,29316,26303028,1988981345,2020-01-01,,,
599,29433,39565077,2235824412,2024-06-04,,,
962,29465,66504297,5461797864,2022-07-16,,,
428,29527,16577150,3091517252,2024-01-21,,,
227,29771,35136774,3218990768,2024-06-23,,,
815,29846,10481002,1331204624,2024-11-11,,,
161,29874,85001666,8911766583,2020-02-09,,,
324,29938,59395607,8905953615,2021-08-29,,,
487,29987,14194036,3464043438,2021-01-09,,,
364,30126,15027885,3867810033,2023-04-18,,,
33,30156,47756295,1750592158,2023-03-06,,,
683,30199,61370911,5142459837,2024-09-20,,,
719,30355,46346969,6822398425,2022-08-26,,,
841,30405,14377888,5542860279,2020-01-14,,,
796,30419,21423660,4963117247,2021-03-17,,,
981,30491,32247563,9198321780,2023-01-14,,,
650,30508,57912667,5832478424,2021-04-20,,,
16,30579,75032626,3361617776,2022-03-26,,,
957,30590,22765473,1637070977,2024-08-05,,,
97,30608,26521216,4265838345,2023-10-19,,,
653,30623,23857787,3499982576,2023-05-13,,,
133,30629,64481129,9497308500,2021-07-14,,,
767,30746,62237734,7555632943,2021-01-05,80225652.0,29/11/1987,8:17:03
638,30813,14353239,8747157928,2023-04-19,,,
538,31048,69526770,8911337874,2020-10-31,,,
525,31155,11470046,9963928857,2020-03-22,,,
671,31235,55856357,8122547727,2023-12-08,,,
568,31237,16246004,4497564026,2022-01-02,,,
122,31246,48461218,1331448715,2023-06-08,,,
215,31404,46604476,2262325963,2023-08-21,,,
250,31643,11413336,1520919804,2023-07-07,,,
592,31674,24238526,2673384371,2020-08-19,,,
889,31702,60620752,2405728999,2021-01-24,,,
74,31755,92709421,3513996334,2022-11-17,,,
565,31775,85906198,3623755304,2022-09-21,,,
245,32005,73155033,7209787137,2020-01-19,,,
989,32010,38400167,3556189191,2020-07-29,,,
392,32021,55423572,1893643984,2023-11-20,,,
806,32089,53395684,6255487587,2021-06-14,,,
574,32216,39742035,9999155498,2024-08-29,,,
749,32473,56015904,3315698412,2021-03-06,,,
277,32601,52448677,3868034720,2024-02-19,,,
738,32684,96586102,8325915135,2024-12-25,,,
728,32709,79906779,8360933608,2024-05-29,,,
2,32801,12296702,2090784281,2021-04-18,,,
113,32845,85382987,7451257274,2024-02-02,,,
696,33006,58423142,1227095559,2024-11-01,,,
416,33134,36460638,5967396246,2020-04-04,,,
780,33171,96608617,5345372450,2023-10-10,,,
187,33250,45311615,6411416997,2020-05-10,,,
459,33405,53644500,9803413550,2023-02-05,,,
430,33498,71857863,5528420339,2023-11-17,,,
727,33698,19319634,4547141685,2022-12-22,,,
320,33887,39722817,9622856272,2020-01-28,,,
256,33894,68023171,4155479435,2020-05-15,,,
883,34173,62168386,7635357360,2023-01-30,,,
230,34464,40674540,2142973951,2021-01-31,,,
898,34579,86904667,5374601125,2024-08-15,,,
165,34688,46828774,4578757791,2020-07-21,,,
39,34731,71578299,9784315057,2020-09-03,,,
821,34786,72368447,2796941844,2020-03-31,,,
734,34795,68258909,1272921573,2020-04-19,,,
893,34801,86103974,9530577591,2021-11-18,,,
550,34914,32320694,1312121664,2023-07-24,68979376.0,13/02/1982,4:03:54
602,34990,14613660,6389776210,2020-04-09,,,
651,35177,93460999,3037672991,2020-10-19,,,
571,35203,82899095,2125959807,2020-05-02,,,
634,35267,16506595,6561794938,2021-12-03,18317520.0,23/11/2009,20:16:19
104,35339,35346858,7408914768,2020-09-16,,,
467,35360,34015881,3339664709,2022-01-28,,,
950,35478,39166633,8005974484,2020-07-26,,,
620,35517,58681081,5677128108,2020-08-28,,,
468,35561,68614885,2083624941,2020-02-25,,,
810,35634,54458197,5085872663,2021-03-02,,,
587,35947,90846869,9431742084,2022-05-24,,,
975,36209,88265118,2609955583,2023-12-14,,,
120,36273,24420979,8996040645,2021-05-10,,,
239,36348,35460937,2318543852,2020-07-29,,,
965,36620,80564962,5937058546,2024-07-12,,,
503,36658,91092557,2030246673,2021-06-27,,,
530,36704,99721800,8568686294,2020-07-30,,,
381,36711,63351728,3660276622,2022-05-24,,,
450,36780,42729580,9281443871,2020-08-16,,,
716,36833,35088765,9482211505,2024-02-29,,,
444,36846,62145943,6533719112,2021-09-11,,,
424,36861,25673618,6651892111,2021-07-10,,,
472,37005,14066044,4741923285,2024-05-23,,,
327,37210,36668000,6984944165,2021-03-28,,,
228,37452,49393426,5077442651,2020-12-06,,,
698,37706,81861535,3414529813,2024-09-17,,,
866,37721,27263832,6005371721,2020-02-16,,,
563,37748,35866563,6672195687,2020-05-30,,,
647,37792,77365605,4949121981,2023-09-12,,,
629,37917,24405784,8021789047,2024-12-08,,,
884,38015,22511305,3099398802,2022-03-13,,,
253,38219,82910113,3053643965,2022-07-31,,,
116,38247,85121917,5069009020,2022-04-20,,,
505,38404,87035924,2948807334,2024-02-15,,,
789,38483,94068803,6613700099,2021-03-17,,,
86,38530,43904750,9208902137,2024-04-19,,,
372,38586,53851078,4704893312,2024-07-06,,,
339,38606,80494156,2131654276,2022-12-24,,,
404,38631,92846008,7694861083,2021-03-30,,,
711,38719,55277899,1812395105,2024-07-08,,,
607,38770,55538914,3580488209,2021-02-10,,,
388,38833,16615091,9357872788,2024-02-11,,,
478,38888,88704735,5147838221,2024-11-10,,,
690,38939,38445178,6312942084,2022-07-15,,,
410,38995,46533556,9723442880,2024-03-20,,,
308,39022,56862609,4558687917,2020-01-07,,,
875,39263,14834423,9399129746,2022-10-18,,,
974,39283,98302846,8775609263,2023-11-20,,,
752,39379,93969216,1272166306,2022-04-18,,,
49,39428,97467589,4916124799,2020-10-21,,,
805,39522,88975642,4364430159,2023-05-10,,,
22,39749,86564557,7416405884,2022-04-06,,,
379,39814,87591215,8511326178,2021-12-13,,,
73,39910,28833859,5828743778,2022-09-01,,,
949,39924,44556683,1689397117,2020-10-03,,,
899,39977,19030050,8949851969,2020-01-02,,,
594,40066,94553099,6068318345,2020-09-17,,,
346,40113,62420381,9224022776,2022-05-07,,,
46,40141,11096002,7856904174,2023-06-21,,,
81,40202,43740515,5728312756,2022-05-13,,,
968,40234,17615461,2680329454,2020-10-10,,,
998,40264,47865419,6879618227,2023-06-24,,,
401,40283,72002480,1800091197,2023-03-09,,,
720,40347,40009164,2808008887,2020-01-26,,,
878,40391,90420463,4813370530,2023-08-04,,,
672,40431,58538448,3522508405,2022-09-15,,,
532,40496,87936964,5016620143,2024-07-13,,,
507,40565,56242536,2574776426,2022-01-03,,,
353,40605,43840792,8326755681,2024-11-24,,,
688,40630,67585707,1629574110,2021-11-14,,,
146,40631,55310019,5292175470,2021-07-10,,,
807,40688,57318929,4831462254,2021-06-11,,,
938,40764,28636784,1813336793,2022-08-17,,,
443,40876,16161575,9846472389,2024-04-25,,,
274,41059,91327881,2913832778,2024-02-28,,,
406,41201,48201737,8416759409,2024-10-28,,,
60,41243,37914936,6184937004,2023-05-20,,,
812,41569,20263082,3586771405,2023-05-15,,,
523,41576,46706071,5006965335,2023-03-11,,,
333,41607,40540635,7011741362,2024-10-18,,,
851,41607,97569836,9792405845,2020-01-22,,,
417,41611,75923660,7224275792,2020-05-17,,,
63,41717,89459337,8853101324,2021-09-20,,,
109,41764,88219667,4404609315,2024-08-25,,,
511,41819,21571488,7926570468,2024-05-20,,,
803,41950,16511875,5137594751,2024-01-24,,,
745,42066,64265705,5672007604,2022-03-29,,,
676,42202,16646443,1429773184,2022-01-08,,,
261,42203,31978274,7891279503,2024-07-10,70357300.0,28/12/1996,11:34:29
705,42259,98962731,4967882932,2023-10-07,,,
78,42360,39316341,6313849857,2024-02-20,,,
835,42409,14835678,1922110305,2022-02-27,,,
774,42653,72007374,2137855495,2024-07-24,,,
862,42697,94348084,7089806933,2021-09-29,,,
264,42853,44361946,2527445287,2023-02-22,,,
453,43101,90781260,9792621640,2023-02-24,,,
900,43191,74241903,1752750591,2024-06-25,,,
134,43208,87483029,9850945081,2024-10-27,,,
159,43253,51033416,2984876933,2020-05-17,,,
560,43421,71492047,3622606883,2024-11-27,,,
70,43734,61074133,9994216498,2020-11-11,,,
454,43975,24321254,2977638181,2020-05-08,,,
723,44054,65090577,3453840426,2020-01-20,,,
486,44163,34099173,7749029257,2022-05-01,,,
280,44259,15081723,1218612005,2022-09-27,,,
32,44288,89069053,3796766415,2020-11-08,,,
600,44294,87098070,7336776828,2023-02-02,,,
871,44512,31267918,2459591231,2021-04-01,,,
628,44570,70624104,8806749306,2022-09-17,,,
736,44673,12834964,5844177022,2023-07-27,,,
890,44682,99839641,1257126567,2022-06-13,,,
566,44804,76399977,9970890374,2024-07-07,,,
79,44933,47506427,9095672166,2020-05-19,,,
504,44949,13528983,7178041941,2023-08-25,,,
400,44956,59317728,4858457440,2024-01-23,,,
426,45158,37394377,7407574182,2023-06-23,,,
117,45200,23318011,2869757876,2022-06-17,,,
577,45236,15944114,6140896496,2023-10-18,,,
621,45358,29732517,4097613799,2021-09-28,,,
213,45381,55657933,9791502655,2023-07-11,,,
483,45398,97349989,8488033344,2021-03-16,,,
516,45491,65585188,9776255562,2023-06-06,,,
781,45538,68571963,7006805344,2024-03-01,,,
386,45602,75823710,8233324484,2024-11-15,,,
283,45674,85241550,5048805159,2022-12-26,,,
542,45797,12701591,9147354147,2020-01-01,44868187.0,24/09/1978,14:41:53
947,46080,33110240,7117125325,2022-02-18,,,
323,46151,94209869,6937981409,2024-06-15,,,
627,46187,94688093,1966574322,2020-06-29,,,
495,46191,16501052,5998360565,2024-07-27,,,
13,46328,71324086,3386847035,2021-09-13,,,
329,46525,31107232,5970063414,2021-05-12,,,
377,46622,62830480,2974178137,2021-08-05,,,
707,46743,56930342,8042711292,2024-03-16,,,
296,46838,79093321,6983891623,2022-02-21,,,
943,46865,82350395,5247859175,2024-04-07,,,
760,46872,63471107,8720456777,2022-09-17,,,
55,46933,68943382,8917000127,2021-12-20,,,
397,46958,23332584,5411055339,2021-06-07,,,
496,47065,24341388,9250464973,2024-06-24,,,
140,47160,65110605,4241575284,2024-04-26,,,
794,47548,28147363,8723390322,2021-11-27,,,
197,47564,30724771,7491300060,2021-12-30,,,
891,47799,54530341,5186536838,2024-06-29,,,
547,47887,60843716,3988397375,2021-12-31,,,
201,48142,68271761,7312393634,2020-02-09,,,
762,48162,31874395,7503049918,2020-09-16,,,
306,48183,96881404,8809921625,2024-12-21,,,
544,48188,73327025,6087200728,2021-11-04,,,
209,48306,35670515,4488844171,2023-06-23,,,
845,48377,72398207,2922584052,2021-01-04,,,
527,48629,20904815,7181520161,2024-02-20,,,
7,48753,94590026,3258297115,2020-01-02,,,
586,48835,79900994,2384130650,2023-04-23,,,
350,48842,99495753,5434906246,2021-06-05,,,
661,49148,94155388,1504230126,2023-04-07,,,
522,49360,16761777,6655224778,2023-08-09,,,
156,49456,19715566,7990697272,2023-02-06,,,
38,49538,10740893,5043363922,2021-09-14,,,
915,49588,34258240,1642225524,2024-12-09,,,
407,49588,23147692,8662281012,2023-06-30,,,
145,49752,72311645,5233677628,2021-11-14,,,
860,49825,37532328,7266401130,2022-01-28,,,
548,50128,96638570,8879966958,2023-07-28,,,
322,50337,36192366,5279809169,2024-12-15,,,
325,50424,14662685,9100088505,2023-09-21,,,
730,50453,24883145,3470962354,2024-02-17,,,
614,50466,92732131,4966849393,2022-12-31,,,
677,50592,74382238,4091880910,2020-07-31,,,
582,50707,16393087,3739583876,2020-03-22,,,
699,50917,48170862,8953918923,2020-05-16,,,
69,50944,28537402,4451655929,2023-01-28,,,
413,50975,38586646,1532197492,2020-10-24,,,
347,51065,76900684,4189515329,2024-03-24,,,
5,51086,89433784,6666379295,2024-03-20,,,
150,51159,51002750,7106898160,2020-03-17,,,
23,51265,98979293,1446125883,2020-06-08,,,
817,51467,78620744,2949177978,2021-06-10,,,
541,51564,35802655,6484434614,2024-03-27,,,
838,51659,47613860,2127055611,2024-05-22,,,
619,51753,74883321,2165803648,2021-09-05,,,
211,51755,25056420,5645001518,2020-07-18,,,
897,51865,25407466,1862523761,2022-12-04,,,
645,51882,84662228,9320583436,2022-01-26,,,
561,51937,10267235,4170391706,2024-08-29,,,
48,51949,26758732,6516528911,2023-11-29,,,
492,52007,47169276,7934575006,2024-11-29,,,
477,52031,95290814,3005639911,2024-03-29,,,
704,52050,56235780,9678175949,2022-08-12,,,
656,52064,85204296,4113555783,2020-05-13,,,
927,52124,42656685,3526930637,2022-04-26,,,
739,52137,73022268,8952207542,2023-03-14,,,
488,52149,86277904,3115765178,2023-05-21,,,
596,52208,71730891,4808498194,2024-01-21,,,
125,52281,85887839,3063818190,2023-12-23,,,
876,52345,45055366,2601626395,2022-04-28,,,
316,52502,87821221,9142543777,2021-11-30,,,
935,52532,97723356,9077519740,2024-03-21,28233773.0,15/05/1984,9:58:26
551,52752,93389227,8841825605,2022-06-28,,,
823,52790,72133716,9684661994,2023-04-11,,,
941,52930,76186948,9340674795,2024-06-21,,,
340,53077,22802442,2717557012,2022-04-07,,,
106,53161,84457169,5949825555,2024-09-20,,,
98,53182,37644363,4060789900,2023-06-29,,,
43,53223,38895631,2613101907,2021-12-20,,,
310,53499,90169957,2358737000,2023-08-07,,,
624,53536,97842381,2962844097,2020-04-21,,,
355,53585,42259540,6985375540,2021-07-27,,,
375,53666,10646403,2449634824,2021-08-06,,,
403,53792,18713855,1732843474,2021-05-09,,,
99,53859,16582231,2458029753,2022-08-09,,,
799,53885,83495678,1519889166,2024-08-18,,,
552,54130,27407851,2571633892,2023-12-24,,,
808,54339,76105479,4425654658,2024-05-23,,,
174,54388,78001215,1812345510,2022-08-25,,,
409,54408,76195156,4875546796,2021-08-16,,,
21,54755,25368243,7075380455,2024-10-17,,,
801,54778,88527783,9323082777,2020-05-22,,,
901,54790,82631879,1878182605,2024-01-12,,,
294,54854,68949071,8230728208,2023-11-03,,,
777,54903,72552907,8022609109,2021-08-04,,,
290,54932,65300796,2540193767,2022-01-26,,,
673,55179,36755888,2751008549,2021-12-10,,,
882,55321,85896482,1442462100,2023-11-17,,,
955,55347,38524059,5709342848,2023-09-29,,,
526,55448,17780538,4695636351,2022-02-10,,,
913,55487,89894278,5818785310,2022-08-13,,,
18,55751,46205713,2419664261,2022-01-20,,,
742,55919,75394943,5109612584,2021-08-10,,,
852,55983,12621985,7041418481,2024-10-20,,,
818,56033,45128631,3803174454,2024-04-06,,,
593,56103,17717126,9512149022,2024-07-03,,,
289,56155,59946741,7277175637,2023-12-20,,,
768,56266,90485440,5688270564,2023-07-06,,,
896,56277,95561308,5606734909,2024-11-02,,,
144,56290,78294496,2835117061,2024-08-27,,,
437,56319,48081716,3105939661,2024-02-03,,,
271,56399,57848955,9906820941,2022-07-29,,,
292,56411,38170968,4798749154,2021-05-19,,,
302,56635,64241809,8880846543,2024-09-27,,,
680,56641,81767697,9499224861,2022-12-25,,,
973,56867,17956024,8224340535,2023-04-19,,,
455,57157,16973525,7196885063,2024-03-16,,,
423,57164,74883171,4634325348,2020-07-23,,,
383,57220,60713329,6482169518,2021-01-31,,,
763,57374,99551488,7847370462,2023-01-23,,,
646,57510,60047197,5645820303,2020-07-30,,,
660,57513,27652013,4618500123,2022-08-30,,,
365,57527,52514802,3986786640,2022-12-16,,,
380,57713,36324932,7281258532,2024-10-18,,,
717,57745,19854322,1847866982,2024-08-31,,,
194,57935,83966903,2480612476,2023-01-23,,,
684,57955,49854793,4163270412,2020-04-25,,,
811,58102,89586995,1460826540,2020-04-03,,,
44,58145,54936772,8059078876,2023-12-08,,,
41,58279,69628186,1876977197,2020-02-01,,,
130,58348,75460181,8982849195,2022-01-13,,,
639,58386,61466970,6486610433,2021-10-08,,,
715,58451,33884247,8561528343,2023-06-19,,,
557,58565,99535677,3416666932,2020-09-21,,,
389,58575,20529355,7865712889,2022-01-15,,,
776,58632,87657318,5618719844,2020-04-22,,,
721,58899,60681317,3585214191,2024-09-27,,,
984,58909,72323479,4432510724,2022-11-26,,,
363,59037,30887839,1666393435,2024-12-23,,,
420,59039,12653301,8721546513,2020-09-07,,,
463,59081,74591328,6131508509,2023-02-05,,,
879,59235,86173901,4021803528,2023-09-20,,,
170,59283,14217346,8167220561,2024-12-15,,,
118,59304,39303472,6074147009,2020-08-20,,,
282,59484,45387284,9486077493,2021-04-27,,,
904,59698,94741090,8287812330,2022-06-28,,,
473,59794,84220405,8818157620,2021-07-03,,,
999,59851,91582159,5102159354,2021-07-16,,,
448,59892,29985131,1557216444,2022-01-18,,,
909,59946,15619595,4945958537,2020-08-06,,,
112,59998,54098507,7859803558,2022-03-25,,,
990,60049,67170194,3303905950,2023-06-22,,,
476,60065,12176823,2313458257,2021-01-15,,,
425,60102,19571469,6273440243,2022-12-31,,,
160,60198,80096338,9076869775,2023-11-04,,,
725,60222,79528528,5744048953,2020-10-21,,,
318,60324,64549830,7866647705,2023-04-27,,,
598,60347,74743984,1986248048,2021-04-06,,,
714,60551,16008778,4618003315,2024-04-07,,,
27,60672,76312589,1582626028,2024-11-04,,,
15,60744,31339836,7605347597,2021-06-18,,,
894,60826,81224425,4766155650,2020-12-19,,,
724,60872,47331430,8156341512,2023-12-26,,,
142,60941,42084104,1834000487,2022-02-15,,,
708,60966,85816669,7392125141,2020-10-22,,,
62,61048,79435390,3808623179,2022-05-05,,,
966,61125,35884477,9864045395,2023-05-12,,,
317,61141,15066793,5161708436,2023-11-27,,,
630,61403,37684016,9437763377,2022-12-16,,,
154,61446,25131759,3238010446,2020-10-10,,,
0,61576,34178829,5961761820,2021-07-14,,,
535,61850,35540924,9024600484,2022-05-25,,,
293,62105,77874719,4606658790,2021-01-24,,,
912,62415,46244439,6943612121,2022-11-29,,,
617,62575,38123097,1997476243,2022-08-27,,,
718,62752,91250342,1167020592,2024-07-22,,,
53,62978,31731192,8493624244,2022-09-19,,,
649,63008,83886042,7066754726,2023-08-22,,,
246,63204,42562053,6607897362,2021-06-07,,,
970,63284,11672629,9121349729,2024-05-24,,,
456,63429,70074746,5328365192,2020-07-21,,,
374,63481,25005179,1353550248,2024-10-08,,,
856,63726,29858703,6154887608,2022-05-26,,,
255,63783,82901752,4200300653,2024-02-21,,,
569,63864,30401143,8459029099,2024-01-30,,,
301,63999,94044813,2551678060,2022-03-21,,,
128,64101,92273799,8237914222,2021-05-14,,,
831,64205,71736271,1276421688,2022-08-28,,,
951,64556,30424720,5899283050,2021-04-12,,,
559,64672,76630229,4259285856,2023-08-20,,,
832,64675,39030462,9481794716,2022-02-19,,,
964,64676,99301907,3541624690,2022-12-11,,,
349,64678,37186882,1833312242,2024-11-18,,,
95,64758,13505312,5267984362,2022-08-26,,,
663,64948,70365706,4016500282,2022-07-13,,,
248,64999,79359280,2929903765,2023-09-07,,,
887,65064,61344841,8160474478,2022-09-19,,,
65,65649,88240569,4857566264,2021-06-13,,,
491,65683,37058972,7250604458,2022-04-07,,,
89,65783,98328618,3794217313,2020-05-02,,,
881,65783,86046316,9111981714,2023-03-29,,,
963,65881,87251900,8938541839,2022-04-17,,,
508,66000,37541940,8694742196,2022-03-16,,,
203,66076,79892274,1620136472,2021-05-20,,,
631,66081,81602889,5917784823,2024-04-24,,,
826,66119,39331322,4242092365,2023-01-27,,,
204,66233,35159412,7665535061,2023-11-20,,,
729,66732,43139701,4587029178,2024-02-16,,,
10,66739,96177626,4298692340,2020-01-26,,,
783,66821,21928576,6403426811,2020-04-20,,,
218,66983,12437003,1474269980,2024-08-05,32287383.0,20/02/2023,6:50:22
608,67011,87632786,9356567244,2023-02-15,,,
345,67046,75470609,7996113220,2024-08-29,,,
279,67128,19222421,3973320377,2021-07-27,,,
152,67362,96396741,2400176206,2022-01-21,,,
769,67491,50359415,7062061557,2021-04-07,,,
741,67691,94230806,2942377584,2024-02-20,,,
452,67879,96684094,9186389810,2021-06-19,,,
445,67896,35806306,2243689944,2022-01-12,,,
959,67918,20141270,1753051538,2024-07-19,,,
421,67939,97131990,6966042145,2024-03-05,,,
773,67951,32509572,8296859817,2023-03-01,,,
506,68047,66781408,1604411064,2020-06-28,,,
885,68055,73652831,1106742638,2022-03-20,,,
141,68119,36893498,1142130461,2022-10-14,,,
613,68157,28459443,6865905921,2021-11-26,,,
813,68214,86941780,7513520130,2022-12-25,,,
402,68217,55060359,5888651766,2021-11-16,,,
334,68230,44902173,8049425321,2022-08-22,,,
231,68407,10522088,6376899058,2022-08-07,,,
519,68512,88312470,8146363245,2023-05-21,,,
533,68560,24707685,2366085392,2021-12-29,,,
391,69053,91053116,2671076376,2024-12-09,,,
88,69077,11433895,1670122674,2022-04-27,,,
100,69265,40064464,3997325282,2023-02-10,,,
192,69398,64696482,2353782035,2021-04-21,,,
626,69414,54134733,9372821145,2020-10-19,,,
119,69498,94660977,5024868452,2024-03-01,,,
837,69602,11477320,4941754660,2022-05-12,,,
755,69611,56187458,8650671120,2022-10-01,,,
470,69630,60780202,4156408500,2024-12-19,,,
205,69925,59919103,2800421991,2022-03-22,,,
185,70031,63768204,2708487636,2020-02-21,,,
34,70042,81135856,1452160094,2024-04-13,,,
276,70108,44485529,3700569835,2022-08-04,,,
20,70261,37421555,4648246414,2024-06-12,78006235.0,5/10/1992,2:26:57
153,70443,32327759,6742412880,2022-11-02,,,
997,70580,66821947,2962331465,2022-04-29,,,
258,70599,42798084,5626891851,2021-10-30,,,
186,70648,46322179,2519817860,2022-11-06,,,
853,70686,59639387,7771712548,2022-08-08,,,
839,71071,74261817,9590335693,2022-04-10,,,
591,71076,69137713,5654384398,2021-11-17,,,
945,71154,47884401,5913179144,2023-06-17,,,
30,71206,21322407,1782683710,2022-11-01,,,
373,71252,38065021,8898176779,2020-09-04,,,
976,71293,29525370,2781241479,2024-08-29,,,
546,71595,72970846,4094019428,2023-05-03,,,
432,71605,81527330,4183542638,2021-06-14,,,
850,71668,20038055,5127137200,2023-07-04,,,
4,71804,75528141,3972240750,2020-04-23,,,
793,72033,76147612,6093449602,2020-08-14,,,
692,72192,67231083,1670295566,2022-12-29,,,
207,72443,73795440,6367902646,2020-07-26,,,
940,72503,15772286,7091919939,2020-11-09,,,
6,72607,25563468,5089354348,2022-12-26,,,
37,72638,38937862,1882917805,2022-11-14,,,
778,72692,72211203,9186919782,2022-07-04,,,
528,72719,24825197,7521002675,2021-10-01,,,
475,72849,87863489,3148402998,2022-04-05,,,
967,73040,82584606,7857328172,2024-07-01,,,
45,73056,66578543,7373972570,2020-02-10,,,
480,73238,39574062,6779617142,2022-04-28,,,
750,73410,78522718,2128748623,2024-05-01,,,
419,73627,30271268,8087119778,2024-01-08,,,
19,73684,59957730,6335028344,2021-10-01,,,
158,73710,69528637,3314957653,2021-07-08,,,
682,73804,47703294,9772724128,2022-08-13,,,
82,73943,81688953,1662498511,2024-01-31,,,
539,74049,54707746,7502938721,2024-08-08,,,
640,74083,42762897,6043073094,2024-04-01,,,
570,74147,81067367,6916825301,2020-08-15,,,
814,74228,41996007,5737173958,2021-08-04,,,
771,74278,47234236,8858994509,2024-04-17,,,
916,74298,47702774,1717911612,2024-09-15,,,
171,74440,21469576,3932803319,2022-11-07,,,
431,74617,67727513,8167738074,2024-10-18,,,
545,74667,55410072,5978950374,2023-02-12,,,
469,74681,36644713,8310657851,2023-06-15,,,
189,74757,95761970,6453204736,2024-01-29,,,
667,74786,70800257,5347306104,2023-01-16,,,
735,74798,85936011,7688792831,2024-02-12,,,
1,75017,75573999,7658921775,2024-05-27,,,
371,75045,54034978,3917728702,2023-07-23,,,
251,75251,31479364,4441577601,2020-11-27,,,
829,75324,54026522,8230694004,2024-09-30,,,
396,75375,67348881,9436100953,2024-10-03,,,
931,75444,24331879,6042257627,2021-07-16,,,
222,75448,20362893,5819681716,2023-08-08,,,
172,75548,43956152,6467117803,2024-12-04,,,
693,75571,60147335,6845965066,2023-06-05,,,
637,75733,35604931,5097315579,2020-03-03,,,
686,75761,17285836,8298570836,2021-08-16,,,
895,75763,67667014,2047616080,2022-12-11,,,
902,75905,31337017,4265415709,2022-09-30,,,
960,75980,87456979,6373976083,2023-01-19,,,
35,76044,67316647,3222178820,2021-09-12,,,
359,76173,42271908,6824555296,2020-12-30,,,
510,76185,93896559,7506726998,2024-10-27,,,
157,76204,21514705,5217145712,2024-09-21,,,
657,76235,66172835,9632675587,2023-07-21,,,
658,76260,21596191,6443778863,2021-06-04,,,
518,76303,12518012,7875874332,2024-04-25,,,
229,76328,97227269,4405612206,2022-07-06,,,
369,76334,37098881,4273779345,2023-05-23,,,
167,76346,42793745,5420488766,2020-12-29,,,
836,76354,57653099,4844339158,2022-11-11,,,
937,76412,64962049,9776404484,2023-01-03,,,
914,76546,73944254,4812112444,2022-07-22,,,
110,76555,86324381,3539064326,2024-07-04,,,
633,76615,28389839,3063359395,2020-06-29,,,
199,76624,30830754,3661881664,2020-06-12,,,
326,76851,97013236,4887602935,2020-11-07,,,
304,77022,28668427,8816357321,2021-03-29,,,
331,77195,90861500,7219779676,2023-09-28,,,
103,77230,78651171,6252693245,2022-03-18,,,
71,77331,53269577,7036025242,2021-11-16,,,
434,77681,57800758,4564804874,2021-12-19,,,
376,77881,40280506,9431823870,2022-11-30,,,
585,78128,31975413,7359594495,2022-01-15,,,
991,78157,54265997,9746766984,2020-01-26,,,
135,78223,27884329,6848931699,2022-04-12,,,
24,78327,55994490,4365196808,2024-03-15,,,
858,78330,97316789,3582067159,2024-07-10,,,
804,78360,73341109,9283117923,2024-04-12,,,
190,78411,33337042,3968699678,2020-11-23,,,
986,78469,43521574,7593418196,2024-08-03,,,
305,78477,86712220,3507157182,2022-03-02,,,
722,78627,44875562,8547945947,2021-11-08,,,
343,78711,28664364,1902631743,2024-11-19,,,
911,78832,55247986,1277153206,2022-03-04,,,
939,78892,75208769,6015905667,2022-02-26,,,
342,79005,45681619,8428945204,2024-03-19,,,
494,79169,31978578,4573021958,2020-07-06,,,
979,79457,84390871,1219718243,2023-01-14,,,
797,79535,18727136,5642930215,2024-12-18,,,
461,79543,75618658,6036842701,2023-11-04,,,
348,79558,80740758,4669922008,2024-09-28,,,
177,79558,51900065,5953458915,2024-08-27,,,
148,79663,86089118,4805548369,2020-11-27,,,
802,79665,78196022,2187968771,2024-11-01,,,
179,79747,59230468,7203476859,2024-01-02,,,
513,79861,15798083,7365729725,2024-03-06,,,
433,79887,93897743,2426928749,2023-12-29,,,
449,80025,26480629,1468570094,2021-01-27,,,
787,80085,84212219,4201780256,2020-08-05,,,
514,80110,46130657,4337540013,2024-07-01,,,
612,80126,53443154,6828060793,2020-05-03,,,
869,80206,94923313,4327213258,2023-05-19,,,
25,80220,61619324,9443421878,2021-03-16,,,
247,80229,65807981,8305577822,2023-11-16,57511939.0,4/07/1978,11:09:17
709,80536,62022062,1813764530,2021-09-17,,,
748,80555,40895109,3922646786,2020-08-01,,,
675,80666,51005482,5719016913,2024-09-01,,,
466,80691,50207624,4096508570,2021-07-06,,,
983,80744,57012230,3963981123,2020-04-19,,,
930,80896,44058615,7195316273,2024-08-16,,,
859,80941,99448310,9202469804,2021-12-20,,,
751,81009,21966540,7943155885,2023-03-25,,,
262,81058,89175931,7096476031,2020-11-21,,,
75,81076,83346761,9963274973,2020-05-14,,,
578,81153,78349360,7577504915,2022-03-24,,,
842,81161,64275810,5746400574,2022-08-29,,,
284,81170,13141450,5716255261,2022-07-07,,,
206,81212,25646999,8331665178,2020-01-12,,,
132,81307,84346882,8554027555,2022-05-24,,,
498,81325,26028016,5019262380,2024-09-28,,,
52,81631,83482264,5738732730,2022-08-28,,,
779,81704,25854264,8766878400,2022-08-23,,,
790,81728,19957370,2767330054,2021-03-22,,,
136,81846,74414491,6517067219,2022-04-02,,,
936,81854,32974730,9500551314,2022-11-01,,,
679,81899,70085864,8391102184,2021-12-26,,,
139,81908,62151795,4550968666,2024-09-02,,,
238,81957,77297574,6274123896,2020-06-16,,,
107,81958,71561250,3393020327,2024-03-27,,,
846,82026,57328952,2897302277,2020-09-25,,,
67,82045,57325089,5999224980,2022-11-05,,,
309,82054,74629227,4041649913,2023-06-06,,,
791,82070,38855609,2625846154,2021-04-12,,,
458,82164,59750291,2467210462,2020-08-28,,,
691,82287,67415031,2878528814,2023-03-18,,,
833,82353,73547322,6787403715,2023-07-13,,,
642,82365,12915809,5741233221,2024-12-11,,,
358,82395,17709815,8062634884,2022-08-01,,,
220,82471,50823171,6791538966,2021-02-08,,,
183,82515,11934330,9471206995,2020-05-31,,,
744,82583,97599838,6969853967,2023-03-08,,,
732,82660,58214316,8279743513,2020-04-01,,,
64,82700,25698843,3045066725,2021-12-24,,,
590,82776,58948195,1111837032,2022-05-12,,,
953,83086,65167423,5104297552,2024-05-15,,,
934,83168,92383042,2342190876,2024-03-31,,,
244,83173,38175058,2599352937,2024-04-22,,,
702,83232,57662407,5450485491,2023-02-27,,,
336,83310,65097715,9102159591,2021-01-15,,,
785,83342,39988458,4834911979,2022-05-10,,,
84,83409,37787075,5643182818,2020-04-04,,,
908,83449,43208612,8317225514,2021-07-10,,,
405,83487,21904335,6986164796,2022-08-20,,,
500,83591,24741845,5720458117,2023-12-25,,,
740,83600,47230819,5716260742,2022-10-27,,,
50,83614,52813125,8869361957,2024-08-22,,,
429,83662,40596392,3555776655,2024-02-22,,,
497,83672,87469349,3581773401,2023-09-10,,,
484,83760,51373989,2998969814,2021-04-23,,,
743,83784,48872367,3513567411,2021-10-11,,,
415,83794,29012877,2647011145,2022-03-23,,,
224,83816,38047185,1276068741,2022-09-14,,,
54,83847,59967441,9099641836,2023-04-02,,,
886,84046,99006115,4032228259,2020-09-27,,,
988,84111,33884232,7713892711,2020-01-12,,,
731,84130,52052123,5716482628,2021-05-13,,,
474,84231,91370211,2051312557,2024-08-30,,,
827,84248,72058298,9630204258,2023-01-16,,,
641,84380,12453882,5858122110,2024-09-02,,,
76,84385,81049228,7237251638,2022-07-27,,,
844,84428,78343728,1256015742,2022-06-09,,,
390,84436,25047625,6218285435,2022-09-09,,,
843,84542,63516396,9087096523,2024-10-06,,,
579,84601,62229631,6403288133,2022-08-03,,,
149,84612,35867776,1919178287,2024-03-02,,,
265,84678,64042022,8271610747,2020-11-13,,,
288,84822,37402570,1581299700,2022-01-15,,,
123,85120,95569798,8825853691,2024-02-01,,,
733,85251,50290823,9949472612,2021-06-01,,,
168,85356,33858143,2631636887,2020-01-07,,,
356,85359,25611241,6451655121,2022-05-17,,,
489,85368,43286372,1427803428,2021-08-22,,,
995,85408,96681343,9045985080,2020-03-25,,,
761,85461,65425605,1129610527,2020-03-09,,,
669,85517,48745386,8239210034,2020-07-06,,,
824,85565,17158111,2619095783,2023-06-06,,,
618,85616,89406414,5460572566,2022-12-12,,,
441,85640,15842511,1952783968,2021-07-12,,,
928,85644,29380440,4377405944,2021-10-07,,,
529,85691,47066843,6231611515,2020-05-09,,,
257,85716,99698348,4403686370,2022-08-01,,,
198,85799,99193421,5473585194,2020-10-28,,,
195,85827,74306993,1088593884,2023-07-09,,,
864,86013,54807941,1231642971,2021-11-02,,,
214,86139,49974088,9983391913,2023-08-19,,,
994,86165,53622251,3279278377,2023-07-17,,,
299,86185,37338799,3032768383,2021-03-17,,,
558,86385,62088274,2146228910,2020-10-24,,,
297,86504,47250989,2574199503,2022-04-06,,,
182,86536,72273612,5566040839,2021-09-19,,,
583,86596,53617970,9337097171,2022-04-10,,,
92,86620,84640085,4650427814,2023-07-08,,,
12,86633,99872580,2382437906,2022-09-10,,,
232,86923,81793829,2741440212,2024-03-30,,,
611,87117,46832725,6546396212,2023-10-10,,,
447,87536,78998525,9046695750,2020-11-15,,,
58,87768,70946359,6440339320,2023-03-31,,,
216,87804,22246650,8079733392,2022-07-08,,,
954,87828,44374277,9944119567,2022-04-05,,,
414,88203,83157885,8963352310,2023-11-25,,,
910,88288,39488596,6624295675,2023-09-15,,,
87,88467,90197657,5981231674,2020-04-08,,,
368,88651,19281821,8228909478,2022-08-02,,,
61,88796,13848565,5332230919,2024-08-01,,,
111,88959,21048327,6255134730,2024-08-27,,,
606,89152,30656009,1408508029,2020-09-05,,,
91,89171,17718939,8359676709,2020-04-15,,,
509,89272,85691591,5807395252,2022-12-29,,,
825,89310,29101249,7723437818,2024-04-07,,,
537,89370,75979103,1906339564,2023-11-18,,,
382,89408,78429438,5823505031,2024-05-27,,,
792,89485,15436702,6148613235,2021-10-02,,,
753,89889,41215562,4949200927,2020-11-25,,,
210,89893,36894324,5017828497,2023-10-26,,,
436,89895,17030022,6747381794,2024-08-23,,,
219,89950,79678759,4982100305,2022-08-27,,,
655,90005,18726040,5869468914,2021-12-15,,,
972,90091,42750091,7509192785,2021-06-10,,,
892,90107,22479514,3568810220,2020-10-10,,,
223,90155,43938885,4401218941,2020-01-06,,,
315,90262,53910993,7408979187,2023-07-23,,,
313,90341,79970127,8949253457,2021-12-30,,,
121,90522,11685612,7166653216,2023-04-08,,,
597,90538,77635888,1011907278,2020-12-09,,,
337,90546,67742515,3066839775,2020-07-29,,,
689,90837,25779351,8290027727,2023-08-04,,,
905,90951,87055498,9492134414,2022-10-25,,,
609,91091,12647095,7097713754,2022-09-10,,,
849,91220,53074569,7984233518,2021-10-13,,,
603,91399,22236135,3941669167,2024-09-05,,,
47,91560,20535771,6328589739,2021-05-09,,,
387,91696,13251206,5396485107,2023-07-29,,,
457,91825,73184470,2037135680,2024-02-29,,,
435,91871,29510849,9536610243,2023-06-08,,,
252,91990,94606975,3937725272,2020-04-22,,,
809,92063,49477318,8810108268,2023-12-10,,,
701,92113,83379987,7376943141,2020-11-22,,,
367,92139,67516793,4251042942,2021-08-12,,,
746,92294,88020450,8502955621,2023-07-11,,,
332,92333,70887628,8509479971,2021-06-05,,,
341,92347,17988565,2558217739,2021-01-23,,,
576,92349,48397840,3163208322,2023-12-09,,,
481,92369,58362822,2275934272,2023-01-20,,,
29,92410,77720456,5014173892,2024-01-24,,,
662,92511,26848534,8131299756,2021-01-10,,,
163,92640,32428668,7064789806,2022-02-08,,,
394,92710,78452966,9101025976,2023-05-07,,,
273,92842,58017470,3080546049,2024-10-30,,,
764,93069,49044125,9431086039,2022-08-31,,,
575,93102,51979689,1778371601,2024-08-01,,,
531,93107,21196518,4490383364,2024-11-27,,,
85,93140,55930548,1025621460,2020-06-20,,,
652,93203,63677356,5370972719,2024-06-03,,,
438,93248,29693666,5737461850,2021-12-02,,,
754,93305,56946613,8339087099,2024-11-04,,,
971,93431,43940579,6630411642,2021-06-26,,,
501,93463,64537522,9783462982,2023-05-10,,,
996,93469,56836389,2299236519,2024-10-10,,,
822,93628,52788007,6718446099,2020-09-20,,,
155,93678,51472458,7946781416,2020-06-21,,,
540,93750,40030260,1355746244,2022-05-16,,,
361,93807,56603519,7602392162,2021-06-20,,,
987,93872,79926996,2806446194,2022-08-12,,,
226,93922,88643253,2731199313,2023-08-28,,,
241,93977,43640903,8006209441,2020-07-17,,,
726,94177,94150801,7895466260,2022-06-05,,,
217,94216,66070229,4677424194,2024-04-16,,,
786,94320,91365861,3243973436,2021-08-25,,,
471,94449,33485876,3241950200,2023-11-03,,,
517,94471,25774241,2747314228,2024-10-31,,,
782,94477,97511914,3841952654,2021-06-17,,,
601,94661,41971536,6965388113,2024-11-17,,,
933,94865,95748729,7086710529,2024-03-30,,,
712,94903,56192484,7001840373,2024-01-07,,,
695,94938,94851766,6480490267,2022-08-04,,,
499,94951,60005274,9490756984,2021-09-27,,,
784,94999,36648471,2848794155,2022-09-16,,,
233,95130,37976780,4671545536,2023-08-11,,,
874,95136,79560149,6342461206,2023-03-31,,,
605,95316,97604913,4638489277,2023-03-26,,,
524,95410,75492854,7880969716,2020-05-09,,,
124,95428,11025521,4974337589,2021-04-17,,,
399,95433,77072116,1531042097,2023-12-09,,,
269,95487,22269113,7655632606,2022-06-17,,,
694,95586,94318282,2488747873,2022-05-27,,,
706,95752,36430583,6584572942,2021-10-16,,,
946,95783,98851360,1543766514,2024-09-22,,,
408,95871,81695346,5660316157,2023-06-08,,,
610,95966,70859320,9969312457,2024-12-10,,,
625,96015,19506886,3394725448,2021-07-13,,,
175,96083,42927250,3493294341,2022-06-23,,,
756,96134,31820476,3792819267,2020-09-03,,,
298,96236,64635141,3692824858,2021-07-03,,,
737,96248,56689375,2867524577,2024-09-19,,,
643,96391,18771394,6351331163,2023-09-19,,,
129,96424,39525183,8101679769,2023-09-19,,,
328,96473,24143876,8360167863,2022-04-28,,,
668,96524,12261591,1270893005,2020-07-27,,,
108,96565,51625918,7539779086,2022-06-18,,,
300,96586,84515090,6170413262,2020-04-28,,,
757,96666,91368686,1541340162,2024-07-13,,,
138,96791,46527337,7040153068,2024-07-03,,,
479,97072,54633650,7258711435,2022-01-02,,,
828,97086,33282825,2193283401,2024-05-03,,,
270,97129,18545152,5561301181,2022-04-13,,,
985,97133,93151319,1120113799,2023-12-30,,,
151,97199,68208083,9532715523,2021-07-28,,,
907,97361,50429132,9920446338,2021-12-25,,,
208,97399,72708610,3857414848,2024-05-31,,,
9,97528,16474690,7049728244,2024-03-01,,,
710,97618,84589416,3102970625,2024-10-05,,,
666,98248,14479218,7110632191,2022-06-15,,,
440,98298,12351941,3742058847,2022-12-16,,,
344,98337,53335870,9106887576,2022-09-12,,,
77,98529,49222722,2378668284,2024-08-25,,,
131,98576,27660519,2216623481,2022-07-11,,,
648,98641,55077391,3852161448,2021-03-13,,,
564,98674,45053894,1273878470,2020-12-16,,,
993,98745,74952089,7038389961,2020-01-09,,,
68,99126,86938225,2611050196,2022-01-18,,,
352,99138,84661673,3561488734,2022-06-17,,,
267,99267,38578784,5882216449,2022-07-01,,,
83,99380,76161999,3190282301,2022-03-30,,,
442,99474,33562106,2522121193,2023-12-09,,,
72,99477,58805471,6722862824,2024-08-12,,,
234,99552,84542372,9440051098,2020-03-14,,,
816,99616,27405695,7008444655,2021-12-02,,,
615,99675,95350907,1352758379,2020-08-03,,,
697,99793,66722431,5502365702,2021-11-07,,,
127,99935,21198726,9937620467,2022-10-20,,,
