Wishlist_ID,Date_Added,Time_Added
76412472,2021-02-22,2024-05-10T09:03:20
54692382,2024-01-20,2024-05-10T16:43:45
62207155,2020-04-14,2024-05-10T23:30:49
24079594,2024-01-05,2024-05-10T09:34:21
66905069,2020-06-22,2024-05-10T01:29:08
56820803,2023-12-11,2024-05-10T13:08:30
84829414,2023-12-01,2024-05-10T16:29:33
89420460,2021-01-24,2024-05-10T05:16:48
90314981,2023-05-31,2024-05-10T12:02:02
69076614,2021-11-01,2024-05-10T09:37:53
58146550,2023-06-21,2024-05-10T12:06:48
18258923,2021-07-30,2024-05-10T08:16:53
24960740,2023-08-02,2024-05-10T23:30:07
39584416,2020-02-21,2024-05-10T19:03:15
82794516,2020-04-13,2024-05-10T01:45:24
27434262,2023-10-18,2024-05-10T19:53:38
70739118,2021-09-23,2024-05-10T04:20:31
58273980,2024-05-28,2024-05-10T15:07:42
24902621,2023-10-28,2024-05-10T19:37:57
40385814,2022-10-18,2024-05-10T02:54:32
12201058,2023-05-23,2024-05-10T04:12:17
60588295,2024-06-26,2024-05-10T00:34:56
18115309,2020-12-15,2024-05-10T12:16:54
92288405,2021-03-22,2024-05-10T11:36:32
48116019,2023-08-29,2024-05-10T19:34:22
18167938,2022-08-06,2024-05-10T10:46:06
63588044,2024-06-07,2024-05-10T01:55:14
24127905,2021-09-22,2024-05-10T06:05:42
16073588,2021-12-09,2024-05-10T06:46:35
89305516,2022-10-13,2024-05-10T08:11:43
54241989,2021-04-16,2024-05-10T10:49:53
66306625,2023-11-23,2024-05-10T11:28:49
61038686,2024-09-05,2024-05-10T11:10:00
14350286,2020-05-31,2024-05-10T17:25:52
97890214,2024-01-02,2024-05-10T19:46:27
51827611,2021-07-21,2024-05-10T03:54:48
55998063,2021-05-09,2024-05-10T17:39:39
37210363,2022-05-02,2024-05-10T01:57:07
45700986,2020-10-27,2024-05-10T01:00:53
89101817,2022-08-31,2024-05-10T05:17:23
18143801,2021-05-27,2024-05-10T07:38:07
91977815,2020-10-23,2024-05-10T21:49:22
59136051,2021-08-12,2024-05-10T01:10:30
59550837,2021-05-02,2024-05-10T02:58:35
45612341,2021-02-25,2024-05-10T22:48:26
13283094,2023-07-13,2024-05-10T04:11:37
71619691,2023-10-20,2024-05-10T06:02:09
67169024,2023-07-18,2024-05-10T00:28:24
78698973,2023-09-17,2024-05-10T17:13:58
50100364,2022-11-10,2024-05-10T12:52:31
42903237,2024-09-15,2024-05-10T10:43:20
17152294,2022-09-11,2024-05-10T07:51:58
63389769,2022-11-29,2024-05-10T01:57:20
93923453,2021-07-09,2024-05-10T09:11:49
93522573,2024-08-21,2024-05-10T23:30:05
74599726,2023-07-10,2024-05-10T23:28:52
72513371,2022-09-10,2024-05-10T18:22:00
36605463,2022-08-11,2024-05-10T11:18:06
26405789,2020-02-13,2024-05-10T00:53:42
24983560,2020-01-15,2024-05-10T15:17:54
26640567,2020-07-06,2024-05-10T11:40:45
71377210,2024-02-16,2024-05-10T03:46:07
24323433,2021-10-10,2024-05-10T19:05:29
36185400,2024-04-05,2024-05-10T13:48:01
38104427,2022-01-28,2024-05-10T13:13:52
17358931,2024-05-31,2024-05-10T20:19:32
97751339,2020-04-30,2024-05-10T13:43:53
65489795,2021-04-04,2024-05-10T17:40:03
47868339,2022-06-25,2024-05-10T02:31:28
57069913,2022-07-09,2024-05-10T16:26:40
74706110,2023-02-22,2024-05-10T21:45:43
56344464,2023-07-29,2024-05-10T22:29:49
78104763,2020-09-08,2024-05-10T18:24:06
13624321,2022-10-29,2024-05-10T22:13:54
28098303,2023-05-16,2024-05-10T23:56:03
38443409,2023-08-06,2024-05-10T18:47:13
80492696,2020-01-10,2024-05-10T05:41:08
54710980,2022-01-08,2024-05-10T10:25:13
58097033,2023-04-23,2024-05-10T12:05:20
62568692,2021-08-10,2024-05-10T22:39:35
78388842,2020-09-25,2024-05-10T17:34:01
25332620,2024-08-29,2024-05-10T12:43:58
45627219,2021-03-29,2024-05-10T09:17:59
71342527,2021-10-03,2024-05-10T07:47:53
91022256,2021-02-18,2024-05-10T00:42:50
40579176,2020-12-23,2024-05-10T19:32:30
66806136,2021-02-17,2024-05-10T12:29:08
13173087,2021-03-27,2024-05-10T20:24:06
60847274,2021-07-19,2024-05-10T02:41:24
89767891,2022-12-22,2024-05-10T13:18:38
63799534,2022-12-30,2024-05-10T12:25:03
14133411,2022-10-03,2024-05-10T17:37:09
19281109,2021-12-24,2024-05-10T07:29:56
79732649,2021-01-02,2024-05-10T01:34:49
24568521,2020-07-16,2024-05-10T12:52:08
54670332,2021-12-10,2024-05-10T12:34:46
65255646,2024-02-18,2024-05-10T05:19:57
93364558,2024-09-30,2024-05-10T03:03:05
50666768,2023-09-15,2024-05-10T13:30:15
53188023,2024-04-30,2024-05-10T17:33:18
13232999,2023-08-01,2024-05-10T08:06:51
42348338,2020-06-19,2024-05-10T13:20:59
93067707,2020-02-15,2024-05-10T02:16:38
94877336,2024-05-13,2024-05-10T13:43:10
91033558,2022-01-05,2024-05-10T04:22:54
39082726,2020-10-28,2024-05-10T20:26:11
43816602,2020-12-25,2024-05-10T17:06:55
83322156,2023-07-06,2024-05-10T19:09:26
24832004,2022-05-07,2024-05-10T03:12:42
24208465,2022-10-01,2024-05-10T14:30:13
30824153,2024-01-26,2024-05-10T21:05:34
96225656,2024-01-01,2024-05-10T08:30:39
71117616,2024-08-04,2024-05-10T12:03:16
90724226,2020-04-12,2024-05-10T03:18:02
39317430,2023-02-25,2024-05-10T00:02:24
47282386,2024-12-31,2024-05-10T11:25:25
59394072,2021-01-04,2024-05-10T22:49:35
63401868,2024-08-31,2024-05-10T10:52:06
61611979,2021-11-07,2024-05-10T22:35:59
22815822,2024-04-16,2024-05-10T08:05:12
45755173,2023-11-13,2024-05-10T01:31:47
85678610,2021-02-20,2024-05-10T04:54:37
28641776,2023-11-28,2024-05-10T14:20:11
54494788,2021-02-15,2024-05-10T01:41:39
23551548,2020-05-30,2024-05-10T20:59:56
13644403,2023-08-17,2024-05-10T09:39:52
74045273,2022-11-30,2024-05-10T16:42:53
25840014,2023-02-24,2024-05-10T05:42:17
88175080,2022-05-28,2024-05-10T20:08:22
86266744,2024-09-17,2024-05-10T07:34:46
73887033,2020-02-13,2024-05-10T01:07:38
45943720,2024-01-01,2024-05-10T05:59:22
32021772,2024-09-17,2024-05-10T14:55:09
66842490,2022-07-14,2024-05-10T20:19:59
91773415,2020-11-15,2024-05-10T01:00:09
15159584,2024-03-28,2024-05-10T04:46:35
43895566,2021-05-24,2024-05-10T04:08:38
66191844,2020-02-14,2024-05-10T14:28:52
63140681,2021-04-20,2024-05-10T23:33:37
25674810,2023-06-13,2024-05-10T10:10:14
65314265,2023-11-11,2024-05-10T19:06:57
48747663,2020-10-01,2024-05-10T18:58:22
34337619,2022-11-14,2024-05-10T02:31:33
45780488,2021-05-31,2024-05-10T08:16:04
49602551,2021-08-17,2024-05-10T05:06:07
13314379,2020-12-18,2024-05-10T08:18:00
53531591,2023-12-29,2024-05-10T23:40:36
45020541,2023-02-02,2024-05-10T11:28:02
28103857,2024-09-26,2024-05-10T19:18:43
82012797,2021-09-21,2024-05-10T14:46:17
40124016,2024-11-20,2024-05-10T07:35:06
62762882,2024-02-02,2024-05-10T08:51:15
91046160,2020-11-11,2024-05-10T00:02:03
16856367,2022-07-22,2024-05-10T07:57:41
90996606,2020-04-07,2024-05-10T15:02:49
96485684,2023-08-04,2024-05-10T07:43:55
10360601,2023-11-22,2024-05-10T22:27:12
74523714,2022-08-19,2024-05-10T01:26:29
24460332,2020-04-23,2024-05-10T08:04:25
82835790,2024-03-01,2024-05-10T19:51:18
81075168,2023-05-08,2024-05-10T22:40:05
29024057,2023-07-21,2024-05-10T00:48:54
54985559,2023-04-27,2024-05-10T01:45:38
34279441,2022-11-28,2024-05-10T06:51:26
42759706,2023-11-02,2024-05-10T10:29:58
27765032,2021-06-09,2024-05-10T02:21:33
42210168,2020-05-25,2024-05-10T16:54:50
69427141,2021-03-29,2024-05-10T11:04:58
30645386,2021-01-01,2024-05-10T01:27:34
45002677,2024-02-15,2024-05-10T11:42:40
54020001,2024-07-24,2024-05-10T01:20:51
55086595,2022-09-02,2024-05-10T08:14:05
99088262,2021-05-18,2024-05-10T05:45:50
30260315,2023-05-06,2024-05-10T00:57:40
15674245,2024-08-01,2024-05-10T08:50:40
80722961,2021-06-22,2024-05-10T02:56:16
94016496,2021-12-16,2024-05-10T07:19:06
16510561,2021-12-25,2024-05-10T17:23:46
45692579,2021-02-06,2024-05-10T01:36:13
50837635,2023-12-07,2024-05-10T23:42:27
19926038,2024-01-11,2024-05-10T09:22:05
89464232,2021-11-01,2024-05-10T00:50:56
94574780,2023-04-08,2024-05-10T09:20:48
16349169,2022-03-18,2024-05-10T04:35:47
81218881,2024-08-31,2024-05-10T08:32:52
58098102,2020-10-25,2024-05-10T01:52:16
74477180,2023-12-04,2024-05-10T03:58:49
17635830,2020-01-31,2024-05-10T16:14:46
12268417,2022-09-08,2024-05-10T18:59:01
48287035,2020-01-09,2024-05-10T01:26:55
70959873,2023-11-10,2024-05-10T16:36:27
19764073,2020-07-30,2024-05-10T13:46:27
97996117,2020-12-23,2024-05-10T13:05:11
15029999,2021-06-30,2024-05-10T23:25:40
82115694,2021-09-15,2024-05-10T13:04:18
42442805,2020-03-28,2024-05-10T03:09:04
54754747,2022-05-26,2024-05-10T11:02:08
97222547,2021-07-13,2024-05-10T16:50:51
49313990,2021-06-08,2024-05-10T09:24:26
14045588,2023-09-13,2024-05-10T22:05:57
85773226,2024-06-16,2024-05-10T19:03:05
76456218,2022-05-02,2024-05-10T10:28:01
27995739,2020-06-16,2024-05-10T11:02:29
37036606,2024-11-07,2024-05-10T21:05:57
93536352,2020-08-11,2024-05-10T16:26:44
49987322,2023-03-26,2024-05-10T16:37:22
43743281,2021-02-11,2024-05-10T23:07:50
52437941,2023-12-28,2024-05-10T17:54:25
18761243,2024-08-06,2024-05-10T14:38:23
99858901,2020-03-09,2024-05-10T02:40:38
49954933,2021-01-04,2024-05-10T14:16:57
52665605,2022-12-10,2024-05-10T18:18:07
51848482,2023-12-05,2024-05-10T02:27:53
50666907,2020-12-04,2024-05-10T14:55:53
51149360,2023-07-29,2024-05-10T07:44:32
30057460,2024-11-09,2024-05-10T07:09:12
66116406,2020-05-11,2024-05-10T12:19:59
28089191,2023-11-17,2024-05-10T08:37:26
85729685,2021-05-11,2024-05-10T14:07:08
92197655,2020-04-15,2024-05-10T18:56:44
37710064,2021-07-21,2024-05-10T12:00:17
96546625,2020-08-01,2024-05-10T22:24:44
44486719,2020-10-16,2024-05-10T01:50:38
95195231,2024-02-16,2024-05-10T16:15:31
87046311,2021-10-21,2024-05-10T11:12:54
60780898,2021-04-14,2024-05-10T06:49:57
95555095,2020-03-14,2024-05-10T23:56:04
43598613,2021-11-19,2024-05-10T07:40:44
17082141,2021-01-30,2024-05-10T02:55:28
79219206,2023-05-21,2024-05-10T12:59:18
29665786,2022-03-24,2024-05-10T18:58:46
75150738,2024-10-29,2024-05-10T10:54:47
42284093,2021-07-10,2024-05-10T16:22:01
80021033,2021-08-09,2024-05-10T18:43:14
94395276,2021-04-08,2024-05-10T06:09:20
74646578,2020-05-13,2024-05-10T01:47:16
16943231,2023-03-16,2024-05-10T07:03:05
85087342,2021-07-19,2024-05-10T18:08:18
84288329,2024-12-11,2024-05-10T08:40:00
74571737,2023-09-27,2024-05-10T01:41:26
45694603,2021-05-27,2024-05-10T03:23:34
62775606,2024-08-11,2024-05-10T02:22:52
97754711,2024-10-14,2024-05-10T03:39:11
57066897,2022-07-18,2024-05-10T01:40:23
57710311,2020-06-14,2024-05-10T07:46:17
66162886,2023-01-07,2024-05-10T03:42:07
69984907,2021-07-26,2024-05-10T02:00:03
88736209,2022-04-02,2024-05-10T11:26:31
75367467,2021-03-05,2024-05-10T14:01:26
26189045,2024-10-12,2024-05-10T23:14:37
76202268,2022-08-24,2024-05-10T03:15:12
33113228,2022-12-25,2024-05-10T21:35:40
51784019,2021-05-19,2024-05-10T22:38:20
19536207,2024-12-10,2024-05-10T15:53:12
76908857,2020-02-26,2024-05-10T01:12:37
95040207,2020-03-21,2024-05-10T07:14:25
27206820,2023-09-12,2024-05-10T04:32:57
89958054,2020-02-10,2024-05-10T12:38:45
34362695,2021-06-19,2024-05-10T01:51:21
79959426,2020-05-17,2024-05-10T03:54:28
52556323,2024-06-11,2024-05-10T22:38:25
62485429,2020-06-02,2024-05-10T20:56:06
22101697,2022-04-22,2024-05-10T12:21:07
91724999,2023-06-04,2024-05-10T01:57:38
44807655,2023-12-05,2024-05-10T16:55:34
70430352,2024-01-21,2024-05-10T03:00:58
45043506,2022-09-02,2024-05-10T08:31:37
59177498,2023-08-07,2024-05-10T22:49:10
97346238,2020-09-03,2024-05-10T07:25:07
77745986,2020-03-06,2024-05-10T08:38:25
54766736,2024-01-12,2024-05-10T22:23:19
25853305,2021-08-08,2024-05-10T07:56:11
30384176,2023-01-17,2024-05-10T00:55:58
70089215,2022-10-08,2024-05-10T22:40:25
88924298,2024-07-22,2024-05-10T14:11:24
76642838,2024-12-01,2024-05-10T22:29:57
42480602,2024-02-29,2024-05-10T10:39:23
37855767,2024-11-25,2024-05-10T01:35:06
54785510,2021-07-10,2024-05-10T07:25:13
19644034,2021-05-05,2024-05-10T02:04:33
27512641,2020-04-28,2024-05-10T15:05:12
53513720,2021-01-10,2024-05-10T19:14:30
68913839,2023-10-21,2024-05-10T21:24:51
51216408,2021-11-09,2024-05-10T12:58:23
35004707,2020-04-08,2024-05-10T02:53:39
44884092,2023-12-10,2024-05-10T17:38:02
52144807,2024-03-12,2024-05-10T21:10:30
71498451,2023-06-22,2024-05-10T00:02:50
12040140,2020-05-09,2024-05-10T07:58:45
16465695,2022-06-11,2024-05-10T00:39:52
93921572,2024-12-05,2024-05-10T07:07:30
41077658,2023-08-01,2024-05-10T20:10:15
14254496,2020-06-18,2024-05-10T22:59:22
62134538,2022-08-03,2024-05-10T21:14:41
92887486,2022-11-10,2024-05-10T19:50:55
76027451,2023-09-05,2024-05-10T23:44:26
41589751,2022-11-02,2024-05-10T15:43:58
26125470,2020-06-16,2024-05-10T08:58:11
16735927,2021-01-05,2024-05-10T11:21:48
76166538,2020-05-22,2024-05-10T19:56:31
42625494,2024-08-25,2024-05-10T05:12:05
67945627,2024-08-22,2024-05-10T04:21:22
42207525,2020-08-13,2024-05-10T15:47:56
97956137,2021-10-09,2024-05-10T00:02:34
23280864,2020-09-29,2024-05-10T14:20:52
91721888,2022-07-29,2024-05-10T20:13:49
80046993,2022-06-12,2024-05-10T12:58:47
96246471,2021-07-08,2024-05-10T12:20:14
64389944,2024-11-10,2024-05-10T20:03:02
93843665,2021-12-07,2024-05-10T16:27:22
63695358,2021-05-13,2024-05-10T07:41:31
82003282,2024-01-07,2024-05-10T04:23:34
63257667,2023-07-07,2024-05-10T14:15:19
72775757,2021-08-04,2024-05-10T03:53:58
84412145,2021-08-18,2024-05-10T12:34:12
92713848,2021-07-06,2024-05-10T14:47:04
14137679,2023-08-10,2024-05-10T23:01:11
50527163,2020-09-23,2024-05-10T07:38:28
55871533,2024-03-06,2024-05-10T05:19:40
47689814,2022-07-25,2024-05-10T23:20:09
98183634,2022-02-10,2024-05-10T11:30:54
22596474,2021-03-28,2024-05-10T04:58:05
35423923,2020-09-24,2024-05-10T04:11:02
21363713,2024-06-11,2024-05-10T18:51:14
90220751,2024-02-08,2024-05-10T13:24:01
36895898,2022-12-05,2024-05-10T09:51:54
87693020,2023-06-13,2024-05-10T19:27:24
53030595,2021-10-30,2024-05-10T17:08:55
22952054,2022-11-03,2024-05-10T15:42:55
27661140,2021-08-18,2024-05-10T18:37:37
78785088,2022-01-17,2024-05-10T17:33:52
39420109,2020-07-18,2024-05-10T10:48:07
19295407,2023-10-16,2024-05-10T05:17:38
29682697,2021-02-08,2024-05-10T14:39:58
17106437,2022-03-03,2024-05-10T10:18:50
83634910,2024-09-06,2024-05-10T21:51:45
21588331,2020-06-16,2024-05-10T11:15:25
13818914,2023-11-24,2024-05-10T18:25:48
68008285,2021-05-24,2024-05-10T14:29:37
26880501,2021-10-30,2024-05-10T23:20:07
21540236,2020-04-01,2024-05-10T14:07:28
21772742,2023-02-06,2024-05-10T19:34:49
23956405,2022-04-30,2024-05-10T09:28:34
39780409,2021-04-01,2024-05-10T06:56:56
36160960,2021-11-15,2024-05-10T17:57:43
36412930,2023-04-09,2024-05-10T03:06:50
57706291,2021-05-02,2024-05-10T04:00:50
82962323,2020-03-16,2024-05-10T07:59:31
66273315,2024-11-27,2024-05-10T04:28:29
45180655,2023-07-10,2024-05-10T16:09:30
55139111,2021-08-06,2024-05-10T15:10:54
49400269,2023-09-11,2024-05-10T10:05:42
13872892,2020-03-10,2024-05-10T13:35:00
31191962,2020-09-18,2024-05-10T21:37:06
64701416,2023-11-29,2024-05-10T00:14:57
86767909,2024-06-14,2024-05-10T20:10:36
17412488,2023-02-02,2024-05-10T10:07:20
23581193,2020-07-02,2024-05-10T09:27:44
47767383,2020-04-18,2024-05-10T19:38:20
16565436,2023-09-22,2024-05-10T15:14:12
19020823,2020-09-06,2024-05-10T15:31:54
11202033,2024-11-30,2024-05-10T06:47:47
68655756,2024-04-28,2024-05-10T05:01:03
32961755,2020-12-13,2024-05-10T08:08:31
58194596,2023-09-14,2024-05-10T08:12:13
88065676,2022-07-13,2024-05-10T06:04:56
22491271,2024-10-04,2024-05-10T13:15:11
52425501,2024-12-28,2024-05-10T16:02:04
44353608,2022-08-22,2024-05-10T15:04:27
64672822,2022-03-24,2024-05-10T03:49:28
84012444,2022-10-25,2024-05-10T03:20:42
56215497,2024-09-11,2024-05-10T08:32:40
35236985,2021-03-17,2024-05-10T03:01:08
97930868,2020-01-18,2024-05-10T12:49:47
28105984,2022-05-09,2024-05-10T09:41:40
15324624,2023-10-15,2024-05-10T01:50:32
18412372,2024-10-22,2024-05-10T00:49:48
46046010,2020-04-01,2024-05-10T11:04:52
73487580,2023-06-11,2024-05-10T20:38:53
64247155,2024-06-15,2024-05-10T06:09:52
91359995,2023-05-26,2024-05-10T09:09:43
13345542,2022-01-07,2024-05-10T15:40:01
39508647,2022-11-06,2024-05-10T01:56:39
28887127,2023-04-02,2024-05-10T16:17:43
30183897,2021-11-09,2024-05-10T09:16:14
86055227,2022-10-02,2024-05-10T05:39:41
74527120,2024-10-04,2024-05-10T21:50:12
15603996,2021-03-23,2024-05-10T22:17:35
84494937,2020-06-27,2024-05-10T15:04:42
42202942,2021-01-26,2024-05-10T20:22:21
79073192,2024-03-25,2024-05-10T23:44:22
95713398,2021-04-06,2024-05-10T19:08:54
82754833,2021-04-10,2024-05-10T05:33:43
93150727,2024-04-20,2024-05-10T23:00:16
84072785,2021-05-03,2024-05-10T22:44:04
45243532,2021-03-10,2024-05-10T12:13:37
83758401,2021-07-02,2024-05-10T01:58:38
28435618,2022-02-01,2024-05-10T06:16:19
76098230,2024-06-29,2024-05-10T14:41:55
64864980,2023-06-11,2024-05-10T20:23:34
21619853,2022-08-09,2024-05-10T16:46:02
82975271,2021-03-21,2024-05-10T05:59:04
64410679,2022-11-26,2024-05-10T15:48:51
69907979,2022-05-04,2024-05-10T21:28:56
35209059,2023-02-15,2024-05-10T03:04:42
14216766,2024-01-08,2024-05-10T03:31:27
74486073,2023-04-23,2024-05-10T22:10:50
27432626,2023-05-28,2024-05-10T06:00:13
24703330,2024-05-07,2024-05-10T20:09:42
98610732,2020-06-25,2024-05-10T05:39:36
31396871,2022-10-15,2024-05-10T05:36:45
54584020,2023-10-25,2024-05-10T01:05:58
21910289,2020-06-01,2024-05-10T16:20:30
97524296,2023-10-30,2024-05-10T01:54:26
94382340,2021-02-28,2024-05-10T14:43:28
47182338,2022-01-19,2024-05-10T07:08:32
80575813,2022-01-13,2024-05-10T15:07:50
83541630,2023-09-13,2024-05-10T13:21:04
93516956,2021-11-07,2024-05-10T06:37:42
39531728,2022-12-28,2024-05-10T23:39:20
37727260,2023-02-10,2024-05-10T18:19:40
71573827,2021-09-20,2024-05-10T21:12:20
77471329,2021-05-11,2024-05-10T02:09:31
70512230,2020-01-02,2024-05-10T18:09:10
88868413,2021-02-20,2024-05-10T06:38:21
46882264,2020-10-15,2024-05-10T02:49:23
10982234,2024-06-07,2024-05-10T12:19:46
21232085,2021-08-18,2024-05-10T11:22:26
26784826,2020-05-21,2024-05-10T14:47:00
66115652,2021-01-02,2024-05-10T08:29:00
13371975,2021-09-11,2024-05-10T13:29:25
22214458,2022-07-11,2024-05-10T15:27:49
15687581,2024-01-05,2024-05-10T14:11:33
12910053,2022-05-23,2024-05-10T04:10:40
39402799,2021-08-02,2024-05-10T10:13:35
24797177,2021-03-28,2024-05-10T02:11:45
76130041,2024-03-29,2024-05-10T10:16:20
50621452,2023-11-26,2024-05-10T02:40:32
51530544,2024-10-01,2024-05-10T08:35:02
42041654,2020-10-08,2024-05-10T15:04:58
41715921,2023-11-22,2024-05-10T17:45:03
70401860,2020-06-06,2024-05-10T07:26:15
32528911,2023-03-30,2024-05-10T02:31:19
61370719,2020-08-12,2024-05-10T01:19:50
50491859,2024-05-29,2024-05-10T20:53:37
11543656,2024-10-24,2024-05-10T12:41:02
90737835,2020-05-18,2024-05-10T06:31:24
57891218,2021-08-10,2024-05-10T03:46:01
67871140,2024-07-30,2024-05-10T10:30:29
22078376,2022-10-03,2024-05-10T23:06:11
22165209,2024-05-15,2024-05-10T15:43:38
43995948,2021-09-09,2024-05-10T02:45:53
50618670,2024-02-19,2024-05-10T02:04:59
93475386,2021-08-21,2024-05-10T22:01:31
87119397,2022-05-13,2024-05-10T05:55:15
73642677,2021-06-23,2024-05-10T22:43:25
19454732,2020-10-03,2024-05-10T22:18:41
32777803,2022-03-13,2024-05-10T01:21:19
96539961,2022-05-06,2024-05-10T05:10:02
87926694,2021-04-20,2024-05-10T03:08:29
31470219,2020-10-19,2024-05-10T07:23:31
68792827,2022-03-12,2024-05-10T16:35:03
87671899,2024-07-23,2024-05-10T23:51:28
93744852,2024-05-13,2024-05-10T01:24:13
63999252,2021-09-06,2024-05-10T08:48:08
81403018,2020-06-27,2024-05-10T05:04:56
72292993,2021-01-06,2024-05-10T02:20:37
48910932,2023-03-20,2024-05-10T08:46:47
47061452,2024-11-29,2024-05-10T12:17:53
51989491,2021-07-15,2024-05-10T17:39:26
71172124,2022-11-22,2024-05-10T06:56:25
24556420,2024-06-30,2024-05-10T05:50:37
65652359,2020-01-20,2024-05-10T07:21:49
34314829,2022-01-19,2024-05-10T05:15:45
99770371,2020-06-15,2024-05-10T16:38:57
60618526,2020-08-29,2024-05-10T12:03:05
34902915,2023-12-11,2024-05-10T21:49:00
13998275,2024-03-27,2024-05-10T14:11:26
31695144,2022-01-14,2024-05-10T04:34:09
90475362,2023-11-09,2024-05-10T04:08:21
13842926,2020-08-12,2024-05-10T20:26:43
92488111,2020-06-29,2024-05-10T09:46:22
29817052,2020-11-01,2024-05-10T16:58:11
95894944,2021-03-09,2024-05-10T21:52:12
31370081,2021-09-04,2024-05-10T16:05:10
10391640,2023-02-09,2024-05-10T16:46:17
69627371,2020-11-29,2024-05-10T11:39:39
17222919,2022-10-30,2024-05-10T13:51:10
26734754,2022-03-16,2024-05-10T03:00:50
13804533,2020-08-03,2024-05-10T08:37:17
31521902,2023-05-04,2024-05-10T11:02:30
81920387,2023-05-30,2024-05-10T02:03:01
73902172,2024-05-02,2024-05-10T23:48:39
90027330,2024-07-28,2024-05-10T19:58:23
71009731,2021-01-19,2024-05-10T21:47:17
59655111,2023-02-08,2024-05-10T19:43:07
44084159,2024-12-17,2024-05-10T07:54:20
49377286,2021-07-30,2024-05-10T00:48:25
34994026,2021-11-02,2024-05-10T18:25:50
35801295,2022-12-11,2024-05-10T09:21:33
68541005,2020-11-14,2024-05-10T02:02:21
17782150,2021-08-08,2024-05-10T21:56:36
61548971,2021-04-27,2024-05-10T04:20:03
45319948,2023-02-01,2024-05-10T17:12:08
66387637,2021-09-28,2024-05-10T02:18:48
51139352,2021-04-12,2024-05-10T08:18:45
97885565,2024-01-29,2024-05-10T05:25:16
54778047,2022-10-16,2024-05-10T09:24:08
31177868,2022-02-06,2024-05-10T11:10:35
61291328,2022-06-24,2024-05-10T16:55:20
63436650,2021-01-13,2024-05-10T10:57:28
69853508,2021-12-04,2024-05-10T00:10:41
96206582,2020-12-06,2024-05-10T06:19:14
65740237,2021-03-02,2024-05-10T15:24:36
38935674,2021-07-08,2024-05-10T16:45:17
26516452,2024-06-19,2024-05-10T01:23:07
39037465,2021-04-27,2024-05-10T02:02:07
17629536,2023-11-14,2024-05-10T21:49:48
46657493,2022-06-10,2024-05-10T12:49:36
83198582,2024-04-02,2024-05-10T06:04:20
14360554,2022-04-17,2024-05-10T07:07:28
67336108,2022-02-04,2024-05-10T06:08:41
33370990,2023-09-02,2024-05-10T11:17:43
43470042,2023-03-14,2024-05-10T09:36:32
89017822,2020-08-02,2024-05-10T15:24:28
15864222,2022-05-04,2024-05-10T21:35:09
71809462,2021-04-07,2024-05-10T00:20:05
72078899,2021-02-13,2024-05-10T06:32:22
59183082,2022-04-27,2024-05-10T14:24:46
90287417,2024-08-01,2024-05-10T16:14:00
51445356,2020-08-07,2024-05-10T21:06:31
38032200,2020-10-05,2024-05-10T00:36:29
12629206,2023-12-10,2024-05-10T02:04:40
85841271,2021-10-17,2024-05-10T21:50:57
99402503,2024-05-02,2024-05-10T05:13:06
79043603,2020-11-17,2024-05-10T20:42:29
48775179,2020-05-30,2024-05-10T06:53:43
60657552,2020-04-21,2024-05-10T06:21:27
78085803,2023-02-18,2024-05-10T21:46:51
49612439,2024-01-14,2024-05-10T04:49:08
58886226,2022-07-25,2024-05-10T17:15:01
64294253,2020-02-04,2024-05-10T17:24:28
61684985,2020-07-24,2024-05-10T09:53:42
49111665,2023-02-07,2024-05-10T06:55:16
35192381,2024-01-22,2024-05-10T16:35:14
74072447,2023-03-28,2024-05-10T01:14:26
21073166,2023-06-21,2024-05-10T12:39:08
70571380,2020-05-13,2024-05-10T07:17:02
24019898,2024-02-18,2024-05-10T17:11:33
98659441,2024-12-29,2024-05-10T13:33:44
52847103,2023-08-26,2024-05-10T20:49:28
37880000,2023-03-24,2024-05-10T23:07:41
59823354,2022-04-10,2024-05-10T16:12:15
25330402,2024-03-03,2024-05-10T17:48:01
89342273,2021-03-07,2024-05-10T03:53:19
69689872,2023-01-19,2024-05-10T07:30:10
51032146,2021-02-01,2024-05-10T05:27:46
34188269,2022-05-04,2024-05-10T15:08:11
88877136,2024-03-30,2024-05-10T19:28:15
83445202,2020-01-05,2024-05-10T11:02:06
31166555,2022-08-11,2024-05-10T16:05:00
37356704,2021-02-05,2024-05-10T15:59:26
88607588,2022-03-26,2024-05-10T10:50:09
63619016,2020-09-08,2024-05-10T08:20:34
10135984,2020-02-26,2024-05-10T23:13:51
61349265,2021-02-24,2024-05-10T23:36:45
41545961,2020-06-18,2024-05-10T03:32:27
31735031,2022-11-28,2024-05-10T20:21:26
59937048,2023-11-24,2024-05-10T12:58:03
66295892,2021-09-04,2024-05-10T03:26:55
66683983,2023-08-11,2024-05-10T05:45:50
70105645,2022-09-12,2024-05-10T14:21:39
27824921,2021-04-06,2024-05-10T17:14:44
52718784,2021-01-25,2024-05-10T06:39:14
72957784,2022-07-07,2024-05-10T19:44:59
45341982,2020-05-16,2024-05-10T22:18:13
61778740,2023-07-29,2024-05-10T11:45:16
49450620,2022-04-15,2024-05-10T22:49:05
72011468,2020-11-22,2024-05-10T00:12:59
26752133,2022-09-29,2024-05-10T02:02:58
69844946,2023-11-11,2024-05-10T16:36:18
96780737,2023-06-05,2024-05-10T14:38:52
99725697,2024-10-29,2024-05-10T11:04:34
17348672,2023-04-30,2024-05-10T13:47:06
51769036,2024-05-21,2024-05-10T03:51:37
85453692,2020-11-29,2024-05-10T03:06:14
10486225,2023-04-13,2024-05-10T15:26:37
49158110,2020-04-19,2024-05-10T19:38:35
79322931,2024-11-04,2024-05-10T03:56:36
92948748,2023-02-18,2024-05-10T01:11:18
40068206,2022-08-30,2024-05-10T06:28:39
49012407,2020-11-23,2024-05-10T13:13:23
99532263,2022-11-14,2024-05-10T09:54:09
95279244,2021-07-21,2024-05-10T00:46:53
90335954,2024-10-15,2024-05-10T17:03:06
36359366,2024-07-17,2024-05-10T12:33:34
81694180,2020-07-04,2024-05-10T21:01:33
51416024,2020-03-01,2024-05-10T07:41:27
17300945,2021-01-10,2024-05-10T10:16:43
91457685,2020-12-05,2024-05-10T12:20:44
35817823,2024-07-18,2024-05-10T14:16:58
33413128,2021-02-26,2024-05-10T01:55:49
49551693,2024-04-11,2024-05-10T15:57:51
56440920,2021-03-01,2024-05-10T12:53:02
57484742,2023-09-05,2024-05-10T16:38:01
21332760,2020-08-20,2024-05-10T11:13:33
98752864,2024-10-28,2024-05-10T10:53:30
56916327,2020-01-08,2024-05-10T15:58:23
87279958,2024-10-25,2024-05-10T14:23:29
72580656,2024-06-03,2024-05-10T10:59:33
53590648,2021-10-01,2024-05-10T04:39:46
52153888,2021-01-22,2024-05-10T19:15:43
38428808,2021-12-09,2024-05-10T09:23:00
92797702,2020-05-08,2024-05-10T08:54:41
78288055,2022-12-23,2024-05-10T19:49:33
42109967,2022-08-18,2024-05-10T03:33:17
88357394,2020-02-25,2024-05-10T23:08:26
12375560,2021-02-24,2024-05-10T20:52:58
72585996,2024-12-18,2024-05-10T23:02:39
67015907,2022-05-05,2024-05-10T22:27:13
54463824,2022-05-24,2024-05-10T17:09:55
40521458,2023-12-06,2024-05-10T21:35:56
77872817,2023-04-04,2024-05-10T21:47:19
13411008,2023-01-03,2024-05-10T13:36:20
91113212,2024-12-25,2024-05-10T21:54:42
77968236,2024-10-10,2024-05-10T07:14:30
44412169,2024-02-26,2024-05-10T07:49:15
68782628,2022-11-14,2024-05-10T14:39:24
32854522,2022-02-16,2024-05-10T01:54:25
52635344,2024-04-08,2024-05-10T06:06:44
58547971,2020-07-29,2024-05-10T17:43:41
94939035,2024-05-08,2024-05-10T04:54:43
34728996,2023-04-15,2024-05-10T13:55:41
65239112,2020-10-25,2024-05-10T13:15:22
61114872,2022-07-25,2024-05-10T17:47:34
83890800,2024-12-14,2024-05-10T07:17:03
83469353,2020-03-13,2024-05-10T17:04:15
26985658,2020-06-08,2024-05-10T21:44:49
57075569,2023-04-17,2024-05-10T10:07:06
49154666,2020-04-28,2024-05-10T07:25:59
46108094,2022-03-20,2024-05-10T22:30:40
51423682,2024-08-20,2024-05-10T07:30:47
81400016,2020-07-16,2024-05-10T19:44:17
89327592,2021-11-10,2024-05-10T22:10:18
11024321,2023-10-28,2024-05-10T15:44:22
99498264,2022-03-29,2024-05-10T22:17:57
92516606,2023-10-26,2024-05-10T03:38:29
62133462,2021-10-14,2024-05-10T04:28:02
65814650,2023-10-16,2024-05-10T20:29:30
74859494,2022-10-24,2024-05-10T20:27:01
93937086,2023-06-05,2024-05-10T14:59:22
18628131,2024-10-25,2024-05-10T00:29:33
19458471,2020-12-03,2024-05-10T05:29:00
54897673,2021-09-27,2024-05-10T18:35:22
84917177,2023-03-25,2024-05-10T07:34:52
94252996,2023-07-25,2024-05-10T20:11:10
72937968,2024-09-30,2024-05-10T03:49:03
25202023,2023-06-24,2024-05-10T11:12:25
58166066,2020-03-03,2024-05-10T16:29:06
34442741,2021-03-13,2024-05-10T02:29:14
38231716,2023-05-25,2024-05-10T19:40:44
18570987,2024-10-16,2024-05-10T13:12:09
42669111,2021-06-18,2024-05-10T20:51:43
15871675,2021-03-27,2024-05-10T05:56:39
45328244,2020-06-27,2024-05-10T01:45:24
35191397,2020-05-02,2024-05-10T20:16:01
23396762,2022-08-08,2024-05-10T22:34:48
59577550,2024-04-25,2024-05-10T22:59:25
76187525,2020-02-12,2024-05-10T11:54:22
42670513,2022-03-03,2024-05-10T05:21:16
69790202,2021-01-03,2024-05-10T02:54:32
52704303,2020-05-12,2024-05-10T03:56:36
10478418,2020-03-17,2024-05-10T15:36:11
34353991,2024-11-17,2024-05-10T04:08:49
23570531,2022-12-22,2024-05-10T06:53:12
52606660,2023-06-14,2024-05-10T01:18:37
17032809,2023-05-04,2024-05-10T00:55:41
40316604,2023-08-15,2024-05-10T14:29:01
49982852,2022-06-22,2024-05-10T18:49:15
37838673,2023-11-12,2024-05-10T08:38:27
23176469,2023-05-11,2024-05-10T01:17:23
22281708,2024-07-09,2024-05-10T19:23:57
35991977,2024-03-20,2024-05-10T10:52:46
58970325,2020-01-17,2024-05-10T17:38:41
90447079,2023-10-31,2024-05-10T20:58:20
37727198,2021-10-01,2024-05-10T16:29:40
74813703,2024-09-28,2024-05-10T05:30:27
23155564,2023-01-12,2024-05-10T16:40:33
33021786,2024-09-05,2024-05-10T11:53:55
68269667,2020-11-07,2024-05-10T10:54:26
63340544,2023-10-23,2024-05-10T00:25:16
60699480,2021-10-30,2024-05-10T08:05:32
91250590,2021-10-07,2024-05-10T23:31:30
78224171,2023-07-10,2024-05-10T21:59:30
22482866,2022-05-22,2024-05-10T23:55:34
79909357,2023-08-03,2024-05-10T06:56:16
98069154,2022-04-20,2024-05-10T10:15:04
89394205,2022-08-26,2024-05-10T02:19:44
94336439,2023-09-14,2024-05-10T07:36:40
46413724,2021-04-07,2024-05-10T22:32:36
65346060,2021-01-16,2024-05-10T21:33:34
14861236,2021-04-19,2024-05-10T18:07:02
29219734,2020-08-08,2024-05-10T20:18:50
55033815,2023-04-14,2024-05-10T12:52:10
16999288,2021-12-11,2024-05-10T10:29:01
63086371,2022-08-02,2024-05-10T22:30:05
37622361,2021-11-01,2024-05-10T19:14:11
28024817,2024-03-03,2024-05-10T15:56:17
89446907,2021-05-20,2024-05-10T00:52:26
97235807,2023-04-09,2024-05-10T06:57:55
21518321,2024-01-30,2024-05-10T17:29:09
19076972,2022-01-10,2024-05-10T05:45:00
92528161,2024-06-04,2024-05-10T01:26:11
41146633,2024-02-06,2024-05-10T02:09:57
55647320,2023-11-16,2024-05-10T01:53:27
83606154,2024-12-02,2024-05-10T06:36:54
17003641,2023-07-29,2024-05-10T12:05:55
45084548,2022-05-22,2024-05-10T13:48:53
20808009,2022-12-22,2024-05-10T03:40:06
77889217,2022-08-23,2024-05-10T12:19:21
58760794,2020-01-30,2024-05-10T02:22:04
51864903,2021-01-03,2024-05-10T21:37:49
74559573,2023-10-05,2024-05-10T14:54:27
58267153,2024-07-07,2024-05-10T21:09:53
99766139,2022-11-11,2024-05-10T10:08:42
78819569,2023-11-16,2024-05-10T20:40:06
11983462,2024-09-25,2024-05-10T05:35:54
84748117,2021-04-09,2024-05-10T15:47:26
84419032,2024-05-15,2024-05-10T12:09:14
66481665,2020-12-22,2024-05-10T20:17:28
74184874,2024-11-04,2024-05-10T10:26:26
55271786,2022-01-08,2024-05-10T12:53:55
73821578,2023-11-18,2024-05-10T15:08:53
85810837,2020-08-25,2024-05-10T15:10:19
69411705,2023-01-20,2024-05-10T03:45:05
38441029,2022-08-18,2024-05-10T09:47:27
82451883,2020-09-29,2024-05-10T06:58:22
95570344,2023-11-14,2024-05-10T23:17:35
48899246,2023-01-10,2024-05-10T13:51:47
53742893,2020-12-11,2024-05-10T01:58:14
97154706,2020-01-14,2024-05-10T14:40:04
74907694,2021-09-19,2024-05-10T03:11:23
33852250,2023-03-25,2024-05-10T13:54:04
29538199,2024-04-05,2024-05-10T11:37:03
80549351,2022-03-25,2024-05-10T06:44:04
85813312,2023-08-07,2024-05-10T11:44:54
76211568,2020-11-24,2024-05-10T09:14:30
54109963,2021-02-22,2024-05-10T06:32:36
20987403,2022-01-31,2024-05-10T05:49:24
59907990,2023-12-29,2024-05-10T15:42:15
72068762,2022-12-22,2024-05-10T16:29:47
11918309,2023-02-25,2024-05-10T17:58:55
37373549,2021-04-09,2024-05-10T06:05:55
31946802,2023-05-07,2024-05-10T02:30:08
42240892,2023-04-18,2024-05-10T03:45:58
42737413,2024-06-24,2024-05-10T04:41:05
41501027,2024-06-17,2024-05-10T09:54:05
38335202,2020-08-07,2024-05-10T18:28:44
25117861,2021-03-06,2024-05-10T14:06:35
21889423,2023-01-28,2024-05-10T14:11:00
43194494,2022-02-09,2024-05-10T22:31:38
67628798,2021-12-20,2024-05-10T04:13:48
29081480,2022-03-14,2024-05-10T04:02:52
75328582,2024-09-10,2024-05-10T06:50:32
66990039,2022-02-08,2024-05-10T08:11:20
34260480,2023-10-26,2024-05-10T08:31:05
63086991,2024-04-17,2024-05-10T04:00:41
28241537,2021-05-19,2024-05-10T23:34:26
24888555,2024-11-17,2024-05-10T03:34:51
32181540,2021-08-08,2024-05-10T07:07:04
66239262,2023-05-02,2024-05-10T16:59:56
86760705,2022-07-19,2024-05-10T02:32:27
89006178,2023-03-11,2024-05-10T11:06:08
34061241,2020-10-01,2024-05-10T21:07:56
86897780,2024-01-17,2024-05-10T04:49:01
97698455,2022-11-14,2024-05-10T02:48:33
36447490,2024-08-02,2024-05-10T08:48:49
68936336,2022-05-21,2024-05-10T07:19:09
45562769,2021-09-02,2024-05-10T20:18:57
15177089,2021-09-28,2024-05-10T14:41:02
73343955,2023-02-09,2024-05-10T08:00:13
25250368,2024-11-20,2024-05-10T05:42:49
51819729,2023-07-15,2024-05-10T08:16:54
89988003,2022-05-21,2024-05-10T12:29:12
42879710,2021-09-26,2024-05-10T07:06:53
56412237,2020-09-05,2024-05-10T14:57:49
45560585,2022-09-05,2024-05-10T01:04:23
89584619,2023-07-11,2024-05-10T09:07:53
34071049,2023-09-05,2024-05-10T09:13:06
15108693,2024-04-14,2024-05-10T10:21:49
96675844,2020-07-19,2024-05-10T05:59:18
31120218,2023-04-23,2024-05-10T07:37:29
85217418,2022-01-19,2024-05-10T01:56:41
61188950,2020-10-19,2024-05-10T04:16:46
40772988,2023-10-08,2024-05-10T21:24:14
58412014,2023-01-20,2024-05-10T03:01:51
88824633,2020-02-03,2024-05-10T06:16:07
78289738,2021-04-20,2024-05-10T19:50:31
19512908,2024-08-05,2024-05-10T16:00:23
46553257,2022-03-01,2024-05-10T07:10:39
24562110,2021-04-18,2024-05-10T12:06:34
34559695,2022-08-20,2024-05-10T16:57:52
81884768,2022-11-27,2024-05-10T15:35:42
97460541,2022-08-14,2024-05-10T03:59:42
86426020,2021-04-05,2024-05-10T01:53:22
94756467,2024-07-26,2024-05-10T05:20:20
81377052,2023-02-03,2024-05-10T19:44:30
70362202,2023-09-27,2024-05-10T01:33:34
93799201,2021-04-23,2024-05-10T18:28:58
98386966,2020-02-18,2024-05-10T04:52:32
59573022,2024-03-30,2024-05-10T14:30:07
31548701,2020-01-26,2024-05-10T17:57:41
60249225,2021-09-03,2024-05-10T22:50:09
31608560,2021-03-16,2024-05-10T20:06:51
15685580,2021-02-06,2024-05-10T15:32:55
91351626,2023-10-27,2024-05-10T18:47:15
19736425,2021-04-25,2024-05-10T03:36:02
82813062,2020-09-20,2024-05-10T03:01:52
60154236,2020-06-21,2024-05-10T10:55:31
70528708,2020-07-19,2024-05-10T13:15:07
95341546,2022-10-27,2024-05-10T22:45:10
65150550,2024-06-12,2024-05-10T16:00:14
42425548,2020-10-05,2024-05-10T23:17:51
32295386,2021-08-03,2024-05-10T11:00:06
53639563,2023-04-24,2024-05-10T07:16:00
34091362,2020-04-30,2024-05-10T08:19:42
35092314,2020-08-26,2024-05-10T21:39:36
98382511,2023-02-23,2024-05-10T16:14:01
31925951,2021-04-20,2024-05-10T17:27:48
72444657,2023-03-26,2024-05-10T19:35:13
84382504,2024-05-23,2024-05-10T03:19:26
35880267,2020-04-15,2024-05-10T08:27:18
80581940,2024-10-05,2024-05-10T09:59:10
17126430,2020-11-20,2024-05-10T15:14:23
39592328,2020-07-26,2024-05-10T21:17:55
89057709,2020-06-11,2024-05-10T15:55:50
38377564,2020-12-15,2024-05-10T19:38:19
97607642,2021-02-24,2024-05-10T11:05:08
59096921,2024-12-31,2024-05-10T22:54:51
15646076,2021-05-16,2024-05-10T06:00:19
56258086,2024-01-16,2024-05-10T08:35:23
81871535,2021-03-11,2024-05-10T00:25:16
58301093,2022-03-15,2024-05-10T20:16:01
71211243,2024-12-12,2024-05-10T06:45:27
28733558,2020-03-25,2024-05-10T18:50:47
90720352,2020-10-15,2024-05-10T21:48:38
62104567,2021-01-15,2024-05-10T03:57:17
70008487,2020-08-30,2024-05-10T09:50:19
39525916,2023-04-21,2024-05-10T10:54:01
19934747,2020-11-29,2024-05-10T01:34:48
37462339,2023-04-25,2024-05-10T05:05:03
99133318,2020-01-14,2024-05-10T11:33:14
25436965,2020-05-18,2024-05-10T14:01:52
34020807,2021-10-04,2024-05-10T11:19:39
92198433,2022-01-02,2024-05-10T23:16:23
72458809,2024-09-05,2024-05-10T04:15:28
59335520,2021-10-05,2024-05-10T10:32:29
13828834,2020-08-09,2024-05-10T10:21:37
25519350,2021-11-02,2024-05-10T21:18:52
27194982,2022-12-16,2024-05-10T08:00:33
16723195,2023-04-21,2024-05-10T00:26:09
28196415,2022-11-07,2024-05-10T01:26:42
97526983,2023-10-24,2024-05-10T05:18:07
51211363,2023-04-14,2024-05-10T19:05:51
11889291,2020-04-15,2024-05-10T20:22:54
95661175,2020-05-08,2024-05-10T22:15:41
69231581,2022-08-03,2024-05-10T14:01:18
36606908,2023-06-11,2024-05-10T08:00:19
13606118,2024-01-15,2024-05-10T22:28:04
55786690,2024-01-09,2024-05-10T09:13:13
63254570,2020-05-14,2024-05-10T02:19:44
84063783,2023-05-28,2024-05-10T08:41:13
83970420,2021-08-03,2024-05-10T02:30:16
95679901,2024-05-03,2024-05-10T04:42:50
85532320,2023-10-04,2024-05-10T09:05:01
52887223,2022-05-11,2024-05-10T09:05:44
16248950,2020-08-26,2024-05-10T04:46:14
10177392,2024-05-19,2024-05-10T23:52:42
11005122,2021-06-16,2024-05-10T19:05:02
41408048,2023-07-25,2024-05-10T16:27:40
85317650,2023-10-28,2024-05-10T23:06:33
73769644,2023-07-04,2024-05-10T19:14:44
26872540,2021-04-01,2024-05-10T14:56:09
82956566,2023-06-08,2024-05-10T11:40:41
27457131,2023-08-27,2024-05-10T23:33:44
13091392,2023-01-27,2024-05-10T13:26:13
73701021,2024-01-04,2024-05-10T21:37:16
19010936,2021-09-17,2024-05-10T20:26:08
14498874,2022-05-08,2024-05-10T04:03:14
99168803,2023-11-15,2024-05-10T14:51:39
12976696,2022-10-11,2024-05-10T00:40:56
13037707,2020-04-28,2024-05-10T15:21:03
11414014,2021-03-24,2024-05-10T06:57:52
91949251,2023-08-22,2024-05-10T22:32:28
19922825,2024-01-12,2024-05-10T03:36:15
93529907,2021-04-16,2024-05-10T12:44:44
21881133,2022-03-06,2024-05-10T06:15:27
26712846,2023-10-10,2024-05-10T20:12:38
30367399,2024-05-31,2024-05-10T15:32:46
66261280,2020-01-14,2024-05-10T20:18:09
16196368,2024-03-04,2024-05-10T15:02:54
90050079,2024-11-04,2024-05-10T09:02:59
54528519,2024-10-19,2024-05-10T04:41:45
56545239,2020-08-28,2024-05-10T09:29:52
26259351,2020-05-18,2024-05-10T10:32:40
68791364,2021-04-24,2024-05-10T03:55:54
69593617,2023-11-29,2024-05-10T23:28:52
64307774,2024-11-27,2024-05-10T03:54:07
29686417,2021-05-22,2024-05-10T13:52:01
36759791,2024-09-02,2024-05-10T11:48:59
73822786,2022-09-04,2024-05-10T04:46:59
53086598,2022-12-12,2024-05-10T16:53:26
37382040,2021-09-19,2024-05-10T01:12:26
35500481,2021-04-04,2024-05-10T21:16:57
24554315,2020-04-02,2024-05-10T12:58:38
17116418,2021-02-23,2024-05-10T19:54:48
26191245,2020-01-01,2024-05-10T17:37:05
80236191,2024-09-13,2024-05-10T01:04:28
68289052,2021-05-23,2024-05-10T18:55:11
86339448,2020-03-04,2024-05-10T15:28:57
62497479,2024-11-15,2024-05-10T23:42:31
98345907,2023-09-14,2024-05-10T08:05:33
88790972,2021-12-28,2024-05-10T16:12:10
13988724,2021-10-21,2024-05-10T06:06:25
38060547,2021-02-28,2024-05-10T10:18:59
42285638,2021-06-15,2024-05-10T09:38:57
55689437,2020-02-03,2024-05-10T13:44:57
97880556,2021-10-04,2024-05-10T06:59:23
49921415,2020-04-13,2024-05-10T18:14:25
28220691,2023-10-02,2024-05-10T09:46:25
62281228,2021-10-27,2024-05-10T11:10:17
40935127,2021-11-25,2024-05-10T20:25:35
61343671,2023-10-04,2024-05-10T17:35:54
79055099,2020-01-24,2024-05-10T20:35:33
58162903,2024-08-14,2024-05-10T07:34:39
81844686,2021-06-27,2024-05-10T17:38:15
19122560,2020-05-08,2024-05-10T11:10:07
75577122,2022-04-04,2024-05-10T10:55:44
26419675,2022-10-28,2024-05-10T21:57:53
78735857,2021-03-24,2024-05-10T12:35:55
97291302,2021-06-21,2024-05-10T18:10:22
42000920,2023-01-08,2024-05-10T01:14:07
70220238,2024-06-02,2024-05-10T03:58:40
26348555,2022-01-16,2024-05-10T20:26:02
76287724,2024-08-31,2024-05-10T15:53:08
86777574,2023-06-02,2024-05-10T08:31:39
68549832,2024-04-01,2024-05-10T21:05:53
98819446,2024-07-17,2024-05-10T18:38:42
99926200,2024-10-05,2024-05-10T15:12:46
41786949,2024-04-18,2024-05-10T08:00:25
86783403,2022-04-18,2024-05-10T10:59:58
42554269,2024-01-10,2024-05-10T11:55:21
80737768,2023-11-29,2024-05-10T19:43:39
36742152,2020-04-02,2024-05-10T18:01:33
98438772,2021-11-14,2024-05-10T17:44:55
99654376,2021-05-30,2024-05-10T20:07:16
81984295,2024-03-07,2024-05-10T06:47:56
17075168,2024-07-13,2024-05-10T02:11:00
76295022,2021-04-20,2024-05-10T18:01:58
50761046,2024-04-20,2024-05-10T02:05:40
32239150,2022-04-27,2024-05-10T01:01:15
93476125,2020-01-21,2024-05-10T05:02:48
16070153,2022-03-13,2024-05-10T13:06:18
26832615,2021-04-05,2024-05-10T12:33:56
98307772,2023-10-12,2024-05-10T20:30:46
18787539,2024-11-05,2024-05-10T04:46:19
10957568,2022-07-21,2024-05-10T01:40:13
19510535,2022-03-15,2024-05-10T17:30:49
10101006,2023-02-28,2024-05-10T00:39:14
62618929,2020-04-18,2024-05-10T01:58:00
60010396,2020-11-12,2024-05-10T23:44:52
25979511,2024-01-03,2024-05-10T13:17:46
38201759,2020-07-05,2024-05-10T03:08:28
27385333,2024-04-13,2024-05-10T21:54:20
74378458,2024-11-17,2024-05-10T20:11:22
13813342,2023-10-31,2024-05-10T16:40:49
11417926,2021-08-10,2024-05-10T00:16:59
71239897,2020-10-09,2024-05-10T12:49:51
81180097,2023-03-22,2024-05-10T17:46:16
15893726,2020-08-28,2024-05-10T21:08:17
33622671,2022-12-17,2024-05-10T14:57:37
44464665,2023-05-17,2024-05-10T06:56:01
85039575,2020-06-24,2024-05-10T14:12:09
66646898,2020-02-01,2024-05-10T11:48:34
61119707,2022-12-11,2024-05-10T15:22:54
54232591,2021-11-26,2024-05-10T00:30:02
81288822,2021-01-17,2024-05-10T10:10:53
15886272,2022-02-24,2024-05-10T17:16:28
28999945,2022-12-03,2024-05-10T18:55:58
93619190,2024-01-17,2024-05-10T00:36:58
50424614,2024-02-28,2024-05-10T01:11:20
86051862,2022-05-28,2024-05-10T09:50:06
29952511,2021-10-15,2024-05-10T15:14:34
45797695,2024-08-24,2024-05-10T09:28:23
61249490,2021-06-01,2024-05-10T22:42:03
72783166,2020-06-28,2024-05-10T21:50:25
71698965,2024-10-29,2024-05-10T23:23:37
11694414,2022-12-11,2024-05-10T20:41:55
48881848,2021-07-08,2024-05-10T13:32:55
30772763,2023-11-10,2024-05-10T18:03:46
