Wishlist_ID,Laptop_ID,Date_Added,Time_Added
76412472,1847072753,2021-02-22,2024-05-10T09:03:20
54692382,9848360887,2024-01-20,2024-05-10T16:43:45
62207155,5260810887,2020-04-14,2024-05-10T23:30:49
24079594,5625497557,2024-01-05,2024-05-10T09:34:21
66905069,1295765704,2020-06-22,2024-05-10T01:29:08
56820803,3478260369,2023-12-11,2024-05-10T13:08:30
84829414,6842601863,2023-12-01,2024-05-10T16:29:33
89420460,2713409144,2021-01-24,2024-05-10T05:16:48
90314981,4507824122,2023-05-31,2024-05-10T12:02:02
69076614,8540116979,2021-11-01,2024-05-10T09:37:53
58146550,1123159039,2023-06-21,2024-05-10T12:06:48
18258923,6150982651,2021-07-30,2024-05-10T08:16:53
24960740,2634863116,2023-08-02,2024-05-10T23:30:07
39584416,5208093065,2020-02-21,2024-05-10T19:03:15
82794516,6639523677,2020-04-13,2024-05-10T01:45:24
27434262,7811394246,2023-10-18,2024-05-10T19:53:38
70739118,4016733814,2021-09-23,2024-05-10T04:20:31
58273980,6773009634,2024-05-28,2024-05-10T15:07:42
24902621,9214603756,2023-10-28,2024-05-10T19:37:57
40385814,3415755313,2022-10-18,2024-05-10T02:54:32
12201058,9051394919,2023-05-23,2024-05-10T04:12:17
60588295,1905311633,2024-06-26,2024-05-10T00:34:56
18115309,9398405693,2020-12-15,2024-05-10T12:16:54
92288405,9221215135,2021-03-22,2024-05-10T11:36:32
48116019,9216373564,2023-08-29,2024-05-10T19:34:22
18167938,3092767101,2022-08-06,2024-05-10T10:46:06
63588044,6115983552,2024-06-07,2024-05-10T01:55:14
24127905,7973768022,2021-09-22,2024-05-10T06:05:42
16073588,2321036955,2021-12-09,2024-05-10T06:46:35
89305516,3233301950,2022-10-13,2024-05-10T08:11:43
54241989,7626765994,2021-04-16,2024-05-10T10:49:53
66306625,4797593017,2023-11-23,2024-05-10T11:28:49
61038686,5393666412,2024-09-05,2024-05-10T11:10:00
14350286,9411798787,2020-05-31,2024-05-10T17:25:52
97890214,5143185447,2024-01-02,2024-05-10T19:46:27
51827611,9580694610,2021-07-21,2024-05-10T03:54:48
55998063,7793234037,2021-05-09,2024-05-10T17:39:39
37210363,6189319370,2022-05-02,2024-05-10T01:57:07
45700986,6456457035,2020-10-27,2024-05-10T01:00:53
89101817,1183194143,2022-08-31,2024-05-10T05:17:23
18143801,6999743725,2021-05-27,2024-05-10T07:38:07
91977815,4927826382,2020-10-23,2024-05-10T21:49:22
59136051,4204357446,2021-08-12,2024-05-10T01:10:30
59550837,7256157668,2021-05-02,2024-05-10T02:58:35
45612341,5206703014,2021-02-25,2024-05-10T22:48:26
13283094,4001540572,2023-07-13,2024-05-10T04:11:37
71619691,1002027273,2023-10-20,2024-05-10T06:02:09
67169024,7503922688,2023-07-18,2024-05-10T00:28:24
78698973,2471404825,2023-09-17,2024-05-10T17:13:58
50100364,5755995395,2022-11-10,2024-05-10T12:52:31
42903237,2474452274,2024-09-15,2024-05-10T10:43:20
17152294,6730419424,2022-09-11,2024-05-10T07:51:58
63389769,3132284216,2022-11-29,2024-05-10T01:57:20
93923453,5278893785,2021-07-09,2024-05-10T09:11:49
93522573,6353558913,2024-08-21,2024-05-10T23:30:05
74599726,7271056002,2023-07-10,2024-05-10T23:28:52
72513371,4148150182,2022-09-10,2024-05-10T18:22:00
36605463,3327517323,2022-08-11,2024-05-10T11:18:06
26405789,5794600433,2020-02-13,2024-05-10T00:53:42
24983560,1503613699,2020-01-15,2024-05-10T15:17:54
26640567,8139911673,2020-07-06,2024-05-10T11:40:45
71377210,3109534700,2024-02-16,2024-05-10T03:46:07
24323433,7326892685,2021-10-10,2024-05-10T19:05:29
36185400,9918446588,2024-04-05,2024-05-10T13:48:01
38104427,9271814708,2022-01-28,2024-05-10T13:13:52
17358931,3652575984,2024-05-31,2024-05-10T20:19:32
97751339,1391228265,2020-04-30,2024-05-10T13:43:53
65489795,8232395326,2021-04-04,2024-05-10T17:40:03
47868339,1867367636,2022-06-25,2024-05-10T02:31:28
57069913,3578553278,2022-07-09,2024-05-10T16:26:40
74706110,1854514932,2023-02-22,2024-05-10T21:45:43
56344464,6556220189,2023-07-29,2024-05-10T22:29:49
78104763,8247370207,2020-09-08,2024-05-10T18:24:06
13624321,4266191773,2022-10-29,2024-05-10T22:13:54
28098303,6930667545,2023-05-16,2024-05-10T23:56:03
38443409,8068353838,2023-08-06,2024-05-10T18:47:13
80492696,1386271479,2020-01-10,2024-05-10T05:41:08
54710980,4272226967,2022-01-08,2024-05-10T10:25:13
58097033,8349990370,2023-04-23,2024-05-10T12:05:20
62568692,4903069882,2021-08-10,2024-05-10T22:39:35
78388842,1800332617,2020-09-25,2024-05-10T17:34:01
25332620,4563219148,2024-08-29,2024-05-10T12:43:58
45627219,3533140073,2021-03-29,2024-05-10T09:17:59
71342527,7688816436,2021-10-03,2024-05-10T07:47:53
91022256,9632375794,2021-02-18,2024-05-10T00:42:50
40579176,8524801492,2020-12-23,2024-05-10T19:32:30
66806136,1110780132,2021-02-17,2024-05-10T12:29:08
13173087,3976170269,2021-03-27,2024-05-10T20:24:06
60847274,1990253073,2021-07-19,2024-05-10T02:41:24
89767891,7163423585,2022-12-22,2024-05-10T13:18:38
63799534,2008876953,2022-12-30,2024-05-10T12:25:03
14133411,6098553744,2022-10-03,2024-05-10T17:37:09
19281109,1298942647,2021-12-24,2024-05-10T07:29:56
79732649,8510165048,2021-01-02,2024-05-10T01:34:49
24568521,7434655366,2020-07-16,2024-05-10T12:52:08
54670332,8752674472,2021-12-10,2024-05-10T12:34:46
65255646,9095291064,2024-02-18,2024-05-10T05:19:57
93364558,5657385723,2024-09-30,2024-05-10T03:03:05
50666768,2155432318,2023-09-15,2024-05-10T13:30:15
53188023,8473608151,2024-04-30,2024-05-10T17:33:18
13232999,1921452212,2023-08-01,2024-05-10T08:06:51
42348338,9251592507,2020-06-19,2024-05-10T13:20:59
93067707,5622110317,2020-02-15,2024-05-10T02:16:38
94877336,8285710344,2024-05-13,2024-05-10T13:43:10
91033558,3168083732,2022-01-05,2024-05-10T04:22:54
39082726,7120036678,2020-10-28,2024-05-10T20:26:11
43816602,3480001500,2020-12-25,2024-05-10T17:06:55
83322156,1268105079,2023-07-06,2024-05-10T19:09:26
24832004,4577904523,2022-05-07,2024-05-10T03:12:42
24208465,3440827263,2022-10-01,2024-05-10T14:30:13
30824153,5721330771,2024-01-26,2024-05-10T21:05:34
96225656,8593323625,2024-01-01,2024-05-10T08:30:39
71117616,6372249294,2024-08-04,2024-05-10T12:03:16
90724226,7736331938,2020-04-12,2024-05-10T03:18:02
39317430,1488207466,2023-02-25,2024-05-10T00:02:24
47282386,4448255760,2024-12-31,2024-05-10T11:25:25
59394072,3407691671,2021-01-04,2024-05-10T22:49:35
63401868,1150277153,2024-08-31,2024-05-10T10:52:06
61611979,5230859018,2021-11-07,2024-05-10T22:35:59
22815822,7730210432,2024-04-16,2024-05-10T08:05:12
45755173,5387110042,2023-11-13,2024-05-10T01:31:47
85678610,7003921325,2021-02-20,2024-05-10T04:54:37
28641776,3676636576,2023-11-28,2024-05-10T14:20:11
54494788,4528814099,2021-02-15,2024-05-10T01:41:39
23551548,1478702961,2020-05-30,2024-05-10T20:59:56
13644403,2517931633,2023-08-17,2024-05-10T09:39:52
74045273,7518493374,2022-11-30,2024-05-10T16:42:53
25840014,5645649258,2023-02-24,2024-05-10T05:42:17
88175080,6350213536,2022-05-28,2024-05-10T20:08:22
86266744,2189889042,2024-09-17,2024-05-10T07:34:46
73887033,6629152941,2020-02-13,2024-05-10T01:07:38
45943720,8514211458,2024-01-01,2024-05-10T05:59:22
32021772,8976202522,2024-09-17,2024-05-10T14:55:09
66842490,2211907260,2022-07-14,2024-05-10T20:19:59
91773415,9001414936,2020-11-15,2024-05-10T01:00:09
15159584,4280910691,2024-03-28,2024-05-10T04:46:35
43895566,7233219244,2021-05-24,2024-05-10T04:08:38
66191844,7821471655,2020-02-14,2024-05-10T14:28:52
63140681,3419758845,2021-04-20,2024-05-10T23:33:37
25674810,3388647595,2023-06-13,2024-05-10T10:10:14
65314265,6045308811,2023-11-11,2024-05-10T19:06:57
48747663,2709136585,2020-10-01,2024-05-10T18:58:22
34337619,8672882520,2022-11-14,2024-05-10T02:31:33
45780488,2062660968,2021-05-31,2024-05-10T08:16:04
49602551,1961407090,2021-08-17,2024-05-10T05:06:07
13314379,4626665888,2020-12-18,2024-05-10T08:18:00
53531591,2798390172,2023-12-29,2024-05-10T23:40:36
45020541,2699588245,2023-02-02,2024-05-10T11:28:02
28103857,6106110658,2024-09-26,2024-05-10T19:18:43
82012797,1488350360,2021-09-21,2024-05-10T14:46:17
40124016,5848995636,2024-11-20,2024-05-10T07:35:06
62762882,7527553553,2024-02-02,2024-05-10T08:51:15
91046160,9910804221,2020-11-11,2024-05-10T00:02:03
16856367,1026637626,2022-07-22,2024-05-10T07:57:41
90996606,6933011040,2020-04-07,2024-05-10T15:02:49
96485684,6789578339,2023-08-04,2024-05-10T07:43:55
10360601,8643123585,2023-11-22,2024-05-10T22:27:12
74523714,4034002246,2022-08-19,2024-05-10T01:26:29
24460332,3254541466,2020-04-23,2024-05-10T08:04:25
82835790,9933275987,2024-03-01,2024-05-10T19:51:18
81075168,1810537317,2023-05-08,2024-05-10T22:40:05
29024057,8760790257,2023-07-21,2024-05-10T00:48:54
54985559,2813600357,2023-04-27,2024-05-10T01:45:38
34279441,5618155716,2022-11-28,2024-05-10T06:51:26
42759706,4353248032,2023-11-02,2024-05-10T10:29:58
27765032,3738919237,2021-06-09,2024-05-10T02:21:33
42210168,2401853879,2020-05-25,2024-05-10T16:54:50
69427141,4072668883,2021-03-29,2024-05-10T11:04:58
30645386,8622315159,2021-01-01,2024-05-10T01:27:34
45002677,3838903548,2024-02-15,2024-05-10T11:42:40
54020001,6207454384,2024-07-24,2024-05-10T01:20:51
55086595,1748545049,2022-09-02,2024-05-10T08:14:05
99088262,9200531557,2021-05-18,2024-05-10T05:45:50
30260315,1633088263,2023-05-06,2024-05-10T00:57:40
15674245,6383037572,2024-08-01,2024-05-10T08:50:40
80722961,8448248968,2021-06-22,2024-05-10T02:56:16
94016496,3760061967,2021-12-16,2024-05-10T07:19:06
16510561,4415715178,2021-12-25,2024-05-10T17:23:46
45692579,9796055676,2021-02-06,2024-05-10T01:36:13
50837635,6189625110,2023-12-07,2024-05-10T23:42:27
19926038,6476722425,2024-01-11,2024-05-10T09:22:05
89464232,9193281293,2021-11-01,2024-05-10T00:50:56
94574780,3352564542,2023-04-08,2024-05-10T09:20:48
16349169,9224476070,2022-03-18,2024-05-10T04:35:47
81218881,4990045312,2024-08-31,2024-05-10T08:32:52
58098102,8541379279,2020-10-25,2024-05-10T01:52:16
74477180,9075782481,2023-12-04,2024-05-10T03:58:49
17635830,9065662959,2020-01-31,2024-05-10T16:14:46
12268417,7693667853,2022-09-08,2024-05-10T18:59:01
48287035,8802153943,2020-01-09,2024-05-10T01:26:55
70959873,6132380802,2023-11-10,2024-05-10T16:36:27
19764073,2058550532,2020-07-30,2024-05-10T13:46:27
97996117,4537949792,2020-12-23,2024-05-10T13:05:11
15029999,4071343088,2021-06-30,2024-05-10T23:25:40
82115694,4030075795,2021-09-15,2024-05-10T13:04:18
42442805,6253028401,2020-03-28,2024-05-10T03:09:04
54754747,1016447691,2022-05-26,2024-05-10T11:02:08
97222547,5333446653,2021-07-13,2024-05-10T16:50:51
49313990,9677298169,2021-06-08,2024-05-10T09:24:26
14045588,2400875774,2023-09-13,2024-05-10T22:05:57
85773226,5636860331,2024-06-16,2024-05-10T19:03:05
76456218,4102297990,2022-05-02,2024-05-10T10:28:01
27995739,2536803549,2020-06-16,2024-05-10T11:02:29
37036606,5503583049,2024-11-07,2024-05-10T21:05:57
93536352,2695893491,2020-08-11,2024-05-10T16:26:44
49987322,7502088142,2023-03-26,2024-05-10T16:37:22
43743281,6233117666,2021-02-11,2024-05-10T23:07:50
52437941,4416677781,2023-12-28,2024-05-10T17:54:25
18761243,8499727321,2024-08-06,2024-05-10T14:38:23
99858901,9312761341,2020-03-09,2024-05-10T02:40:38
49954933,6490431814,2021-01-04,2024-05-10T14:16:57
52665605,9509836212,2022-12-10,2024-05-10T18:18:07
51848482,5876586718,2023-12-05,2024-05-10T02:27:53
50666907,9181214172,2020-12-04,2024-05-10T14:55:53
51149360,3659277903,2023-07-29,2024-05-10T07:44:32
30057460,4109610698,2024-11-09,2024-05-10T07:09:12
66116406,5581897071,2020-05-11,2024-05-10T12:19:59
28089191,6832716623,2023-11-17,2024-05-10T08:37:26
85729685,2573847864,2021-05-11,2024-05-10T14:07:08
92197655,1757471477,2020-04-15,2024-05-10T18:56:44
37710064,7276889699,2021-07-21,2024-05-10T12:00:17
96546625,7849405451,2020-08-01,2024-05-10T22:24:44
44486719,9627629768,2020-10-16,2024-05-10T01:50:38
95195231,5518964505,2024-02-16,2024-05-10T16:15:31
87046311,3348990181,2021-10-21,2024-05-10T11:12:54
60780898,8551495290,2021-04-14,2024-05-10T06:49:57
95555095,8000616447,2020-03-14,2024-05-10T23:56:04
43598613,3928128139,2021-11-19,2024-05-10T07:40:44
17082141,1757727144,2021-01-30,2024-05-10T02:55:28
79219206,1589813577,2023-05-21,2024-05-10T12:59:18
29665786,1960366426,2022-03-24,2024-05-10T18:58:46
75150738,3673380981,2024-10-29,2024-05-10T10:54:47
42284093,3023874737,2021-07-10,2024-05-10T16:22:01
80021033,7778481262,2021-08-09,2024-05-10T18:43:14
94395276,8471653123,2021-04-08,2024-05-10T06:09:20
74646578,6137793624,2020-05-13,2024-05-10T01:47:16
16943231,8452773537,2023-03-16,2024-05-10T07:03:05
85087342,7047262346,2021-07-19,2024-05-10T18:08:18
84288329,8630963235,2024-12-11,2024-05-10T08:40:00
74571737,7498021950,2023-09-27,2024-05-10T01:41:26
45694603,7503341312,2021-05-27,2024-05-10T03:23:34
62775606,3199439808,2024-08-11,2024-05-10T02:22:52
97754711,9581340533,2024-10-14,2024-05-10T03:39:11
57066897,6209707163,2022-07-18,2024-05-10T01:40:23
57710311,4077360656,2020-06-14,2024-05-10T07:46:17
66162886,7531549992,2023-01-07,2024-05-10T03:42:07
69984907,7409180161,2021-07-26,2024-05-10T02:00:03
88736209,2729289314,2022-04-02,2024-05-10T11:26:31
75367467,2414349806,2021-03-05,2024-05-10T14:01:26
26189045,3008134220,2024-10-12,2024-05-10T23:14:37
76202268,5544711006,2022-08-24,2024-05-10T03:15:12
33113228,3016373926,2022-12-25,2024-05-10T21:35:40
51784019,1344420017,2021-05-19,2024-05-10T22:38:20
19536207,3498825712,2024-12-10,2024-05-10T15:53:12
76908857,9844821352,2020-02-26,2024-05-10T01:12:37
95040207,1971057186,2020-03-21,2024-05-10T07:14:25
27206820,7579984432,2023-09-12,2024-05-10T04:32:57
89958054,8673394984,2020-02-10,2024-05-10T12:38:45
34362695,1598420661,2021-06-19,2024-05-10T01:51:21
79959426,2435605873,2020-05-17,2024-05-10T03:54:28
52556323,4078945151,2024-06-11,2024-05-10T22:38:25
62485429,2351618671,2020-06-02,2024-05-10T20:56:06
22101697,5529830064,2022-04-22,2024-05-10T12:21:07
91724999,8780614994,2023-06-04,2024-05-10T01:57:38
44807655,6248027631,2023-12-05,2024-05-10T16:55:34
70430352,5948537302,2024-01-21,2024-05-10T03:00:58
45043506,9106249182,2022-09-02,2024-05-10T08:31:37
59177498,9066197436,2023-08-07,2024-05-10T22:49:10
97346238,5561118905,2020-09-03,2024-05-10T07:25:07
77745986,1153620114,2020-03-06,2024-05-10T08:38:25
54766736,9131094981,2024-01-12,2024-05-10T22:23:19
25853305,2220975977,2021-08-08,2024-05-10T07:56:11
30384176,4773248003,2023-01-17,2024-05-10T00:55:58
70089215,9318445845,2022-10-08,2024-05-10T22:40:25
88924298,7854114610,2024-07-22,2024-05-10T14:11:24
76642838,1476466818,2024-12-01,2024-05-10T22:29:57
42480602,9000445374,2024-02-29,2024-05-10T10:39:23
37855767,9024224947,2024-11-25,2024-05-10T01:35:06
54785510,3784784441,2021-07-10,2024-05-10T07:25:13
19644034,5059462547,2021-05-05,2024-05-10T02:04:33
27512641,5913816689,2020-04-28,2024-05-10T15:05:12
53513720,1293144052,2021-01-10,2024-05-10T19:14:30
68913839,3276814105,2023-10-21,2024-05-10T21:24:51
51216408,5117348945,2021-11-09,2024-05-10T12:58:23
35004707,7313195621,2020-04-08,2024-05-10T02:53:39
44884092,5336400416,2023-12-10,2024-05-10T17:38:02
52144807,9350522933,2024-03-12,2024-05-10T21:10:30
71498451,9373745677,2023-06-22,2024-05-10T00:02:50
12040140,7026681524,2020-05-09,2024-05-10T07:58:45
16465695,1051112751,2022-06-11,2024-05-10T00:39:52
93921572,1555577906,2024-12-05,2024-05-10T07:07:30
41077658,4830226256,2023-08-01,2024-05-10T20:10:15
14254496,2233433540,2020-06-18,2024-05-10T22:59:22
62134538,8037119900,2022-08-03,2024-05-10T21:14:41
92887486,4975887126,2022-11-10,2024-05-10T19:50:55
76027451,3993182080,2023-09-05,2024-05-10T23:44:26
41589751,5441371525,2022-11-02,2024-05-10T15:43:58
26125470,8344226060,2020-06-16,2024-05-10T08:58:11
16735927,1464181157,2021-01-05,2024-05-10T11:21:48
76166538,7037052078,2020-05-22,2024-05-10T19:56:31
42625494,2350626753,2024-08-25,2024-05-10T05:12:05
67945627,9564156523,2024-08-22,2024-05-10T04:21:22
42207525,1762659416,2020-08-13,2024-05-10T15:47:56
97956137,9950416448,2021-10-09,2024-05-10T00:02:34
23280864,3121319621,2020-09-29,2024-05-10T14:20:52
91721888,1017819754,2022-07-29,2024-05-10T20:13:49
80046993,5959386060,2022-06-12,2024-05-10T12:58:47
96246471,7096437064,2021-07-08,2024-05-10T12:20:14
64389944,5320677138,2024-11-10,2024-05-10T20:03:02
93843665,5791779112,2021-12-07,2024-05-10T16:27:22
63695358,7442963796,2021-05-13,2024-05-10T07:41:31
82003282,9988368693,2024-01-07,2024-05-10T04:23:34
63257667,1809309865,2023-07-07,2024-05-10T14:15:19
72775757,8036489793,2021-08-04,2024-05-10T03:53:58
84412145,4613585577,2021-08-18,2024-05-10T12:34:12
92713848,5723243061,2021-07-06,2024-05-10T14:47:04
14137679,6727788310,2023-08-10,2024-05-10T23:01:11
50527163,1129920737,2020-09-23,2024-05-10T07:38:28
55871533,4883543551,2024-03-06,2024-05-10T05:19:40
47689814,5967293377,2022-07-25,2024-05-10T23:20:09
98183634,8872692174,2022-02-10,2024-05-10T11:30:54
22596474,4325688112,2021-03-28,2024-05-10T04:58:05
35423923,2270256959,2020-09-24,2024-05-10T04:11:02
21363713,8387776335,2024-06-11,2024-05-10T18:51:14
90220751,1550065877,2024-02-08,2024-05-10T13:24:01
36895898,8079811191,2022-12-05,2024-05-10T09:51:54
87693020,5045009293,2023-06-13,2024-05-10T19:27:24
53030595,4191200806,2021-10-30,2024-05-10T17:08:55
22952054,8574145314,2022-11-03,2024-05-10T15:42:55
27661140,7815718672,2021-08-18,2024-05-10T18:37:37
78785088,8352141769,2022-01-17,2024-05-10T17:33:52
39420109,6472106168,2020-07-18,2024-05-10T10:48:07
19295407,9009639887,2023-10-16,2024-05-10T05:17:38
29682697,6939076250,2021-02-08,2024-05-10T14:39:58
17106437,3315278621,2022-03-03,2024-05-10T10:18:50
83634910,4504714805,2024-09-06,2024-05-10T21:51:45
21588331,7967818626,2020-06-16,2024-05-10T11:15:25
13818914,7937527520,2023-11-24,2024-05-10T18:25:48
68008285,3921799167,2021-05-24,2024-05-10T14:29:37
26880501,3647564150,2021-10-30,2024-05-10T23:20:07
21540236,3456001792,2020-04-01,2024-05-10T14:07:28
21772742,2976209190,2023-02-06,2024-05-10T19:34:49
23956405,7844036387,2022-04-30,2024-05-10T09:28:34
39780409,5335054172,2021-04-01,2024-05-10T06:56:56
36160960,7032056526,2021-11-15,2024-05-10T17:57:43
36412930,1201260149,2023-04-09,2024-05-10T03:06:50
57706291,5534555200,2021-05-02,2024-05-10T04:00:50
82962323,9092011819,2020-03-16,2024-05-10T07:59:31
66273315,6448537112,2024-11-27,2024-05-10T04:28:29
45180655,3741242914,2023-07-10,2024-05-10T16:09:30
55139111,4279662729,2021-08-06,2024-05-10T15:10:54
49400269,9506953196,2023-09-11,2024-05-10T10:05:42
13872892,4854425375,2020-03-10,2024-05-10T13:35:00
31191962,3280671080,2020-09-18,2024-05-10T21:37:06
64701416,5062993232,2023-11-29,2024-05-10T00:14:57
86767909,4654384567,2024-06-14,2024-05-10T20:10:36
17412488,3980741850,2023-02-02,2024-05-10T10:07:20
23581193,8333672165,2020-07-02,2024-05-10T09:27:44
47767383,6621962141,2020-04-18,2024-05-10T19:38:20
16565436,1531408070,2023-09-22,2024-05-10T15:14:12
19020823,9534125892,2020-09-06,2024-05-10T15:31:54
11202033,4437043036,2024-11-30,2024-05-10T06:47:47
68655756,4025286651,2024-04-28,2024-05-10T05:01:03
32961755,9590714093,2020-12-13,2024-05-10T08:08:31
58194596,2079945483,2023-09-14,2024-05-10T08:12:13
88065676,8468900043,2022-07-13,2024-05-10T06:04:56
22491271,5969154926,2024-10-04,2024-05-10T13:15:11
52425501,6891295321,2024-12-28,2024-05-10T16:02:04
44353608,1710166435,2022-08-22,2024-05-10T15:04:27
64672822,9412586447,2022-03-24,2024-05-10T03:49:28
84012444,4066192097,2022-10-25,2024-05-10T03:20:42
56215497,1582228599,2024-09-11,2024-05-10T08:32:40
35236985,4339203781,2021-03-17,2024-05-10T03:01:08
97930868,3288802888,2020-01-18,2024-05-10T12:49:47
28105984,7083077169,2022-05-09,2024-05-10T09:41:40
15324624,8128079447,2023-10-15,2024-05-10T01:50:32
18412372,2044594003,2024-10-22,2024-05-10T00:49:48
46046010,4530167225,2020-04-01,2024-05-10T11:04:52
73487580,6907348768,2023-06-11,2024-05-10T20:38:53
64247155,1929106685,2024-06-15,2024-05-10T06:09:52
91359995,1612533461,2023-05-26,2024-05-10T09:09:43
13345542,8157021686,2022-01-07,2024-05-10T15:40:01
39508647,1542343919,2022-11-06,2024-05-10T01:56:39
28887127,5827701560,2023-04-02,2024-05-10T16:17:43
30183897,9655675605,2021-11-09,2024-05-10T09:16:14
86055227,7432260059,2022-10-02,2024-05-10T05:39:41
74527120,4190670227,2024-10-04,2024-05-10T21:50:12
15603996,5191901701,2021-03-23,2024-05-10T22:17:35
84494937,5985818482,2020-06-27,2024-05-10T15:04:42
42202942,4552427424,2021-01-26,2024-05-10T20:22:21
79073192,3981995826,2024-03-25,2024-05-10T23:44:22
95713398,5814533686,2021-04-06,2024-05-10T19:08:54
82754833,7911070506,2021-04-10,2024-05-10T05:33:43
93150727,4411517513,2024-04-20,2024-05-10T23:00:16
84072785,7676371720,2021-05-03,2024-05-10T22:44:04
45243532,5483752803,2021-03-10,2024-05-10T12:13:37
83758401,4664334780,2021-07-02,2024-05-10T01:58:38
28435618,4021900238,2022-02-01,2024-05-10T06:16:19
76098230,3355690834,2024-06-29,2024-05-10T14:41:55
64864980,9257693531,2023-06-11,2024-05-10T20:23:34
21619853,1828202097,2022-08-09,2024-05-10T16:46:02
82975271,6198713573,2021-03-21,2024-05-10T05:59:04
64410679,9966375773,2022-11-26,2024-05-10T15:48:51
69907979,5501210226,2022-05-04,2024-05-10T21:28:56
35209059,2445758532,2023-02-15,2024-05-10T03:04:42
14216766,2825050258,2024-01-08,2024-05-10T03:31:27
74486073,5778040360,2023-04-23,2024-05-10T22:10:50
27432626,8821438315,2023-05-28,2024-05-10T06:00:13
24703330,9846490754,2024-05-07,2024-05-10T20:09:42
98610732,1112457325,2020-06-25,2024-05-10T05:39:36
31396871,9535355932,2022-10-15,2024-05-10T05:36:45
54584020,3310272485,2023-10-25,2024-05-10T01:05:58
21910289,5961141967,2020-06-01,2024-05-10T16:20:30
97524296,2670231483,2023-10-30,2024-05-10T01:54:26
94382340,6886851678,2021-02-28,2024-05-10T14:43:28
47182338,4296265445,2022-01-19,2024-05-10T07:08:32
80575813,1968026356,2022-01-13,2024-05-10T15:07:50
83541630,2118303406,2023-09-13,2024-05-10T13:21:04
93516956,2645822325,2021-11-07,2024-05-10T06:37:42
39531728,2809793687,2022-12-28,2024-05-10T23:39:20
37727260,3528591979,2023-02-10,2024-05-10T18:19:40
71573827,8417174236,2021-09-20,2024-05-10T21:12:20
77471329,7412635744,2021-05-11,2024-05-10T02:09:31
70512230,2678735161,2020-01-02,2024-05-10T18:09:10
88868413,3689460262,2021-02-20,2024-05-10T06:38:21
46882264,5714747896,2020-10-15,2024-05-10T02:49:23
10982234,7504420790,2024-06-07,2024-05-10T12:19:46
21232085,2675318669,2021-08-18,2024-05-10T11:22:26
26784826,5324032860,2020-05-21,2024-05-10T14:47:00
66115652,1631417630,2021-01-02,2024-05-10T08:29:00
13371975,1103830285,2021-09-11,2024-05-10T13:29:25
22214458,4125178459,2022-07-11,2024-05-10T15:27:49
15687581,5673712810,2024-01-05,2024-05-10T14:11:33
12910053,9313168860,2022-05-23,2024-05-10T04:10:40
39402799,8500217442,2021-08-02,2024-05-10T10:13:35
24797177,1057258676,2021-03-28,2024-05-10T02:11:45
76130041,8983840566,2024-03-29,2024-05-10T10:16:20
50621452,3465116443,2023-11-26,2024-05-10T02:40:32
51530544,6919820220,2024-10-01,2024-05-10T08:35:02
42041654,4923086020,2020-10-08,2024-05-10T15:04:58
41715921,6322604728,2023-11-22,2024-05-10T17:45:03
70401860,9041538524,2020-06-06,2024-05-10T07:26:15
32528911,6789462205,2023-03-30,2024-05-10T02:31:19
61370719,4966751519,2020-08-12,2024-05-10T01:19:50
50491859,3268116147,2024-05-29,2024-05-10T20:53:37
11543656,9861355346,2024-10-24,2024-05-10T12:41:02
90737835,4773273045,2020-05-18,2024-05-10T06:31:24
57891218,3513183990,2021-08-10,2024-05-10T03:46:01
67871140,3481123235,2024-07-30,2024-05-10T10:30:29
22078376,2450867986,2022-10-03,2024-05-10T23:06:11
22165209,4189089924,2024-05-15,2024-05-10T15:43:38
43995948,6223315074,2021-09-09,2024-05-10T02:45:53
50618670,7976421054,2024-02-19,2024-05-10T02:04:59
93475386,2887691082,2021-08-21,2024-05-10T22:01:31
87119397,9623047844,2022-05-13,2024-05-10T05:55:15
73642677,3478047922,2021-06-23,2024-05-10T22:43:25
19454732,1911673040,2020-10-03,2024-05-10T22:18:41
32777803,4139456180,2022-03-13,2024-05-10T01:21:19
96539961,9303513901,2022-05-06,2024-05-10T05:10:02
87926694,8408127101,2021-04-20,2024-05-10T03:08:29
31470219,6180693980,2020-10-19,2024-05-10T07:23:31
68792827,6134747778,2022-03-12,2024-05-10T16:35:03
87671899,9720254474,2024-07-23,2024-05-10T23:51:28
93744852,3080416540,2024-05-13,2024-05-10T01:24:13
63999252,4033467600,2021-09-06,2024-05-10T08:48:08
81403018,3878006008,2020-06-27,2024-05-10T05:04:56
72292993,2670543736,2021-01-06,2024-05-10T02:20:37
48910932,8272673968,2023-03-20,2024-05-10T08:46:47
47061452,9663473844,2024-11-29,2024-05-10T12:17:53
51989491,5251235248,2021-07-15,2024-05-10T17:39:26
71172124,9050446730,2022-11-22,2024-05-10T06:56:25
24556420,6817203005,2024-06-30,2024-05-10T05:50:37
65652359,4899912699,2020-01-20,2024-05-10T07:21:49
34314829,5599716008,2022-01-19,2024-05-10T05:15:45
99770371,2076366444,2020-06-15,2024-05-10T16:38:57
60618526,9814383284,2020-08-29,2024-05-10T12:03:05
34902915,2364448240,2023-12-11,2024-05-10T21:49:00
13998275,6562042716,2024-03-27,2024-05-10T14:11:26
31695144,9346407211,2022-01-14,2024-05-10T04:34:09
90475362,7938063338,2023-11-09,2024-05-10T04:08:21
13842926,3070412877,2020-08-12,2024-05-10T20:26:43
92488111,2877605087,2020-06-29,2024-05-10T09:46:22
29817052,2195294076,2020-11-01,2024-05-10T16:58:11
95894944,4425388354,2021-03-09,2024-05-10T21:52:12
31370081,2757631668,2021-09-04,2024-05-10T16:05:10
10391640,8355286042,2023-02-09,2024-05-10T16:46:17
69627371,9271950516,2020-11-29,2024-05-10T11:39:39
17222919,6947395538,2022-10-30,2024-05-10T13:51:10
26734754,1485360543,2022-03-16,2024-05-10T03:00:50
13804533,3290953244,2020-08-03,2024-05-10T08:37:17
31521902,4085586083,2023-05-04,2024-05-10T11:02:30
81920387,7598855810,2023-05-30,2024-05-10T02:03:01
73902172,9852210556,2024-05-02,2024-05-10T23:48:39
90027330,6193166808,2024-07-28,2024-05-10T19:58:23
71009731,1582747839,2021-01-19,2024-05-10T21:47:17
59655111,1438576632,2023-02-08,2024-05-10T19:43:07
44084159,8127932093,2024-12-17,2024-05-10T07:54:20
49377286,7380241051,2021-07-30,2024-05-10T00:48:25
34994026,4834281474,2021-11-02,2024-05-10T18:25:50
35801295,8637000092,2022-12-11,2024-05-10T09:21:33
68541005,4828807438,2020-11-14,2024-05-10T02:02:21
17782150,4918231764,2021-08-08,2024-05-10T21:56:36
61548971,5884807536,2021-04-27,2024-05-10T04:20:03
45319948,6160153112,2023-02-01,2024-05-10T17:12:08
66387637,3505118839,2021-09-28,2024-05-10T02:18:48
51139352,1422295039,2021-04-12,2024-05-10T08:18:45
97885565,6365922243,2024-01-29,2024-05-10T05:25:16
54778047,4720747663,2022-10-16,2024-05-10T09:24:08
31177868,1378195372,2022-02-06,2024-05-10T11:10:35
61291328,2702858269,2022-06-24,2024-05-10T16:55:20
63436650,9000187054,2021-01-13,2024-05-10T10:57:28
69853508,5692545477,2021-12-04,2024-05-10T00:10:41
96206582,5262820282,2020-12-06,2024-05-10T06:19:14
65740237,1999501242,2021-03-02,2024-05-10T15:24:36
38935674,4224861518,2021-07-08,2024-05-10T16:45:17
26516452,7309303614,2024-06-19,2024-05-10T01:23:07
39037465,8743199639,2021-04-27,2024-05-10T02:02:07
17629536,5471705874,2023-11-14,2024-05-10T21:49:48
46657493,2322109409,2022-06-10,2024-05-10T12:49:36
83198582,3794281780,2024-04-02,2024-05-10T06:04:20
14360554,6799693802,2022-04-17,2024-05-10T07:07:28
67336108,6217333031,2022-02-04,2024-05-10T06:08:41
33370990,6368190991,2023-09-02,2024-05-10T11:17:43
43470042,6964933331,2023-03-14,2024-05-10T09:36:32
89017822,6145105113,2020-08-02,2024-05-10T15:24:28
15864222,7876912401,2022-05-04,2024-05-10T21:35:09
71809462,1516740277,2021-04-07,2024-05-10T00:20:05
72078899,3849975313,2021-02-13,2024-05-10T06:32:22
59183082,1199714725,2022-04-27,2024-05-10T14:24:46
90287417,6829823986,2024-08-01,2024-05-10T16:14:00
51445356,7257790374,2020-08-07,2024-05-10T21:06:31
38032200,7922119499,2020-10-05,2024-05-10T00:36:29
12629206,8621336677,2023-12-10,2024-05-10T02:04:40
85841271,4894404700,2021-10-17,2024-05-10T21:50:57
99402503,9653428594,2024-05-02,2024-05-10T05:13:06
79043603,2836191622,2020-11-17,2024-05-10T20:42:29
48775179,8022297537,2020-05-30,2024-05-10T06:53:43
60657552,6625301209,2020-04-21,2024-05-10T06:21:27
78085803,2028468594,2023-02-18,2024-05-10T21:46:51
49612439,6822853189,2024-01-14,2024-05-10T04:49:08
58886226,7687235629,2022-07-25,2024-05-10T17:15:01
64294253,9893313283,2020-02-04,2024-05-10T17:24:28
61684985,9006909755,2020-07-24,2024-05-10T09:53:42
49111665,4179680580,2023-02-07,2024-05-10T06:55:16
35192381,2587096043,2024-01-22,2024-05-10T16:35:14
74072447,4864858317,2023-03-28,2024-05-10T01:14:26
21073166,4153062136,2023-06-21,2024-05-10T12:39:08
70571380,4459268254,2020-05-13,2024-05-10T07:17:02
24019898,3031991773,2024-02-18,2024-05-10T17:11:33
98659441,8329884957,2024-12-29,2024-05-10T13:33:44
52847103,6030753268,2023-08-26,2024-05-10T20:49:28
37880000,2984011697,2023-03-24,2024-05-10T23:07:41
59823354,6166486467,2022-04-10,2024-05-10T16:12:15
25330402,1232659810,2024-03-03,2024-05-10T17:48:01
89342273,2724355382,2021-03-07,2024-05-10T03:53:19
69689872,3794233039,2023-01-19,2024-05-10T07:30:10
51032146,9977932218,2021-02-01,2024-05-10T05:27:46
34188269,3160569637,2022-05-04,2024-05-10T15:08:11
88877136,6991794918,2024-03-30,2024-05-10T19:28:15
83445202,4673427432,2020-01-05,2024-05-10T11:02:06
31166555,8703516504,2022-08-11,2024-05-10T16:05:00
37356704,1104070698,2021-02-05,2024-05-10T15:59:26
88607588,4145548622,2022-03-26,2024-05-10T10:50:09
63619016,9587220230,2020-09-08,2024-05-10T08:20:34
10135984,5118883667,2020-02-26,2024-05-10T23:13:51
61349265,1654094246,2021-02-24,2024-05-10T23:36:45
41545961,4902597537,2020-06-18,2024-05-10T03:32:27
31735031,5867963772,2022-11-28,2024-05-10T20:21:26
59937048,8329605377,2023-11-24,2024-05-10T12:58:03
66295892,8273992950,2021-09-04,2024-05-10T03:26:55
66683983,2847757199,2023-08-11,2024-05-10T05:45:50
70105645,8727904186,2022-09-12,2024-05-10T14:21:39
27824921,4412480005,2021-04-06,2024-05-10T17:14:44
52718784,8103785915,2021-01-25,2024-05-10T06:39:14
72957784,1728258422,2022-07-07,2024-05-10T19:44:59
45341982,6141926039,2020-05-16,2024-05-10T22:18:13
61778740,3562930984,2023-07-29,2024-05-10T11:45:16
49450620,6550692246,2022-04-15,2024-05-10T22:49:05
72011468,3885199883,2020-11-22,2024-05-10T00:12:59
26752133,3423112658,2022-09-29,2024-05-10T02:02:58
69844946,5908742681,2023-11-11,2024-05-10T16:36:18
96780737,4083505270,2023-06-05,2024-05-10T14:38:52
99725697,2507011423,2024-10-29,2024-05-10T11:04:34
17348672,8672971848,2023-04-30,2024-05-10T13:47:06
51769036,9937916016,2024-05-21,2024-05-10T03:51:37
85453692,3652707618,2020-11-29,2024-05-10T03:06:14
10486225,5177758365,2023-04-13,2024-05-10T15:26:37
49158110,1244609904,2020-04-19,2024-05-10T19:38:35
79322931,2204300867,2024-11-04,2024-05-10T03:56:36
92948748,6449002422,2023-02-18,2024-05-10T01:11:18
40068206,5249280903,2022-08-30,2024-05-10T06:28:39
49012407,6497521194,2020-11-23,2024-05-10T13:13:23
99532263,3558516314,2022-11-14,2024-05-10T09:54:09
95279244,6484696228,2021-07-21,2024-05-10T00:46:53
90335954,3607709303,2024-10-15,2024-05-10T17:03:06
36359366,4228409029,2024-07-17,2024-05-10T12:33:34
81694180,5494443066,2020-07-04,2024-05-10T21:01:33
51416024,8619515147,2020-03-01,2024-05-10T07:41:27
17300945,1257964872,2021-01-10,2024-05-10T10:16:43
91457685,2925183962,2020-12-05,2024-05-10T12:20:44
35817823,5334504720,2024-07-18,2024-05-10T14:16:58
33413128,3818970068,2021-02-26,2024-05-10T01:55:49
49551693,3318500039,2024-04-11,2024-05-10T15:57:51
56440920,9927935525,2021-03-01,2024-05-10T12:53:02
57484742,7184048713,2023-09-05,2024-05-10T16:38:01
21332760,7223984065,2020-08-20,2024-05-10T11:13:33
98752864,3141267361,2024-10-28,2024-05-10T10:53:30
56916327,6037987867,2020-01-08,2024-05-10T15:58:23
87279958,5600714839,2024-10-25,2024-05-10T14:23:29
72580656,4228675331,2024-06-03,2024-05-10T10:59:33
53590648,6681783140,2021-10-01,2024-05-10T04:39:46
52153888,8742930519,2021-01-22,2024-05-10T19:15:43
38428808,9172183850,2021-12-09,2024-05-10T09:23:00
92797702,5186900078,2020-05-08,2024-05-10T08:54:41
78288055,4612203565,2022-12-23,2024-05-10T19:49:33
42109967,6092484611,2022-08-18,2024-05-10T03:33:17
88357394,3932051324,2020-02-25,2024-05-10T23:08:26
12375560,6489263081,2021-02-24,2024-05-10T20:52:58
72585996,1739468430,2024-12-18,2024-05-10T23:02:39
67015907,6145876215,2022-05-05,2024-05-10T22:27:13
54463824,1000538880,2022-05-24,2024-05-10T17:09:55
40521458,8120528601,2023-12-06,2024-05-10T21:35:56
77872817,7645818651,2023-04-04,2024-05-10T21:47:19
13411008,4783727713,2023-01-03,2024-05-10T13:36:20
91113212,6961927284,2024-12-25,2024-05-10T21:54:42
77968236,7582046636,2024-10-10,2024-05-10T07:14:30
44412169,6308775983,2024-02-26,2024-05-10T07:49:15
68782628,6126400701,2022-11-14,2024-05-10T14:39:24
32854522,3451485329,2022-02-16,2024-05-10T01:54:25
52635344,4403425040,2024-04-08,2024-05-10T06:06:44
58547971,3917779464,2020-07-29,2024-05-10T17:43:41
94939035,7336974871,2024-05-08,2024-05-10T04:54:43
34728996,5080824401,2023-04-15,2024-05-10T13:55:41
65239112,7210971794,2020-10-25,2024-05-10T13:15:22
61114872,3272540443,2022-07-25,2024-05-10T17:47:34
83890800,7424778664,2024-12-14,2024-05-10T07:17:03
83469353,4832611461,2020-03-13,2024-05-10T17:04:15
26985658,1869368114,2020-06-08,2024-05-10T21:44:49
57075569,6868058342,2023-04-17,2024-05-10T10:07:06
49154666,2192199620,2020-04-28,2024-05-10T07:25:59
46108094,8101062149,2022-03-20,2024-05-10T22:30:40
51423682,1227076873,2024-08-20,2024-05-10T07:30:47
81400016,4422038570,2020-07-16,2024-05-10T19:44:17
89327592,1685023317,2021-11-10,2024-05-10T22:10:18
11024321,2787709333,2023-10-28,2024-05-10T15:44:22
99498264,8741076352,2022-03-29,2024-05-10T22:17:57
92516606,8761026119,2023-10-26,2024-05-10T03:38:29
62133462,6997734188,2021-10-14,2024-05-10T04:28:02
65814650,3810453449,2023-10-16,2024-05-10T20:29:30
74859494,7201083756,2022-10-24,2024-05-10T20:27:01
93937086,9112868089,2023-06-05,2024-05-10T14:59:22
18628131,9761829547,2024-10-25,2024-05-10T00:29:33
19458471,7659069147,2020-12-03,2024-05-10T05:29:00
54897673,2941995652,2021-09-27,2024-05-10T18:35:22
84917177,6339388803,2023-03-25,2024-05-10T07:34:52
94252996,2086195689,2023-07-25,2024-05-10T20:11:10
72937968,8423519936,2024-09-30,2024-05-10T03:49:03
25202023,7147899667,2023-06-24,2024-05-10T11:12:25
58166066,1375884374,2020-03-03,2024-05-10T16:29:06
34442741,2386943946,2021-03-13,2024-05-10T02:29:14
38231716,8819244576,2023-05-25,2024-05-10T19:40:44
18570987,1341989813,2024-10-16,2024-05-10T13:12:09
42669111,1066665346,2021-06-18,2024-05-10T20:51:43
15871675,3337722834,2021-03-27,2024-05-10T05:56:39
45328244,8744182312,2020-06-27,2024-05-10T01:45:24
35191397,2086741711,2020-05-02,2024-05-10T20:16:01
23396762,5538971722,2022-08-08,2024-05-10T22:34:48
59577550,6856257678,2024-04-25,2024-05-10T22:59:25
76187525,3636546958,2020-02-12,2024-05-10T11:54:22
42670513,4512858030,2022-03-03,2024-05-10T05:21:16
69790202,2358699352,2021-01-03,2024-05-10T02:54:32
52704303,5771785602,2020-05-12,2024-05-10T03:56:36
10478418,2908117162,2020-03-17,2024-05-10T15:36:11
34353991,4359658477,2024-11-17,2024-05-10T04:08:49
23570531,7101535910,2022-12-22,2024-05-10T06:53:12
52606660,3271551883,2023-06-14,2024-05-10T01:18:37
17032809,5374448102,2023-05-04,2024-05-10T00:55:41
40316604,3300679557,2023-08-15,2024-05-10T14:29:01
49982852,1253800097,2022-06-22,2024-05-10T18:49:15
37838673,7618289297,2023-11-12,2024-05-10T08:38:27
23176469,4314147401,2023-05-11,2024-05-10T01:17:23
22281708,1977445815,2024-07-09,2024-05-10T19:23:57
35991977,8168776844,2024-03-20,2024-05-10T10:52:46
58970325,1605817960,2020-01-17,2024-05-10T17:38:41
90447079,3928858333,2023-10-31,2024-05-10T20:58:20
37727198,5401244213,2021-10-01,2024-05-10T16:29:40
74813703,2654373819,2024-09-28,2024-05-10T05:30:27
23155564,2610516846,2023-01-12,2024-05-10T16:40:33
33021786,9054683822,2024-09-05,2024-05-10T11:53:55
68269667,5765282051,2020-11-07,2024-05-10T10:54:26
63340544,2061554968,2023-10-23,2024-05-10T00:25:16
60699480,4659238305,2021-10-30,2024-05-10T08:05:32
91250590,3412454349,2021-10-07,2024-05-10T23:31:30
78224171,5765662520,2023-07-10,2024-05-10T21:59:30
22482866,3388861970,2022-05-22,2024-05-10T23:55:34
79909357,6847522722,2023-08-03,2024-05-10T06:56:16
98069154,7289171292,2022-04-20,2024-05-10T10:15:04
89394205,4323331658,2022-08-26,2024-05-10T02:19:44
94336439,3326229839,2023-09-14,2024-05-10T07:36:40
46413724,1357022066,2021-04-07,2024-05-10T22:32:36
65346060,5460039595,2021-01-16,2024-05-10T21:33:34
14861236,5860641440,2021-04-19,2024-05-10T18:07:02
29219734,6145183519,2020-08-08,2024-05-10T20:18:50
55033815,4825114276,2023-04-14,2024-05-10T12:52:10
16999288,6471688865,2021-12-11,2024-05-10T10:29:01
63086371,5586330314,2022-08-02,2024-05-10T22:30:05
37622361,9212888223,2021-11-01,2024-05-10T19:14:11
28024817,7668036308,2024-03-03,2024-05-10T15:56:17
89446907,4927649938,2021-05-20,2024-05-10T00:52:26
97235807,7823814433,2023-04-09,2024-05-10T06:57:55
21518321,5309874726,2024-01-30,2024-05-10T17:29:09
19076972,5369052499,2022-01-10,2024-05-10T05:45:00
92528161,3692364457,2024-06-04,2024-05-10T01:26:11
41146633,5720350510,2024-02-06,2024-05-10T02:09:57
55647320,9362371996,2023-11-16,2024-05-10T01:53:27
83606154,7832628813,2024-12-02,2024-05-10T06:36:54
17003641,3973420075,2023-07-29,2024-05-10T12:05:55
45084548,6314684279,2022-05-22,2024-05-10T13:48:53
20808009,2309769658,2022-12-22,2024-05-10T03:40:06
77889217,8845435866,2022-08-23,2024-05-10T12:19:21
58760794,9781964026,2020-01-30,2024-05-10T02:22:04
51864903,5266602581,2021-01-03,2024-05-10T21:37:49
74559573,3303261881,2023-10-05,2024-05-10T14:54:27
58267153,9982116713,2024-07-07,2024-05-10T21:09:53
99766139,7932350373,2022-11-11,2024-05-10T10:08:42
78819569,3433938393,2023-11-16,2024-05-10T20:40:06
11983462,6268243521,2024-09-25,2024-05-10T05:35:54
84748117,9303454670,2021-04-09,2024-05-10T15:47:26
84419032,5015393846,2024-05-15,2024-05-10T12:09:14
66481665,6281097779,2020-12-22,2024-05-10T20:17:28
74184874,3779908411,2024-11-04,2024-05-10T10:26:26
55271786,3167578136,2022-01-08,2024-05-10T12:53:55
73821578,9556580213,2023-11-18,2024-05-10T15:08:53
85810837,8068212378,2020-08-25,2024-05-10T15:10:19
69411705,7256561344,2023-01-20,2024-05-10T03:45:05
38441029,4885476843,2022-08-18,2024-05-10T09:47:27
82451883,6865210963,2020-09-29,2024-05-10T06:58:22
95570344,2582704271,2023-11-14,2024-05-10T23:17:35
48899246,1961402445,2023-01-10,2024-05-10T13:51:47
53742893,6991450804,2020-12-11,2024-05-10T01:58:14
97154706,7644513878,2020-01-14,2024-05-10T14:40:04
74907694,6087043950,2021-09-19,2024-05-10T03:11:23
33852250,6833449880,2023-03-25,2024-05-10T13:54:04
29538199,4200697595,2024-04-05,2024-05-10T11:37:03
80549351,3845993752,2022-03-25,2024-05-10T06:44:04
85813312,7198092999,2023-08-07,2024-05-10T11:44:54
76211568,4151627009,2020-11-24,2024-05-10T09:14:30
54109963,3775677176,2021-02-22,2024-05-10T06:32:36
20987403,1730476073,2022-01-31,2024-05-10T05:49:24
59907990,6536086660,2023-12-29,2024-05-10T15:42:15
72068762,4141126814,2022-12-22,2024-05-10T16:29:47
11918309,5675918129,2023-02-25,2024-05-10T17:58:55
37373549,5639860458,2021-04-09,2024-05-10T06:05:55
31946802,6253363639,2023-05-07,2024-05-10T02:30:08
42240892,1728853415,2023-04-18,2024-05-10T03:45:58
42737413,3475015891,2024-06-24,2024-05-10T04:41:05
41501027,4672684181,2024-06-17,2024-05-10T09:54:05
38335202,2963589111,2020-08-07,2024-05-10T18:28:44
25117861,9802183871,2021-03-06,2024-05-10T14:06:35
21889423,1139731716,2023-01-28,2024-05-10T14:11:00
43194494,3997885034,2022-02-09,2024-05-10T22:31:38
67628798,3738911217,2021-12-20,2024-05-10T04:13:48
29081480,1927775683,2022-03-14,2024-05-10T04:02:52
75328582,3107376719,2024-09-10,2024-05-10T06:50:32
66990039,1374626989,2022-02-08,2024-05-10T08:11:20
34260480,2897667585,2023-10-26,2024-05-10T08:31:05
63086991,7956727377,2024-04-17,2024-05-10T04:00:41
28241537,4653780583,2021-05-19,2024-05-10T23:34:26
24888555,5246908163,2024-11-17,2024-05-10T03:34:51
32181540,7885689714,2021-08-08,2024-05-10T07:07:04
66239262,3606818751,2023-05-02,2024-05-10T16:59:56
86760705,2702937436,2022-07-19,2024-05-10T02:32:27
89006178,7546615180,2023-03-11,2024-05-10T11:06:08
34061241,6993739922,2020-10-01,2024-05-10T21:07:56
86897780,2009044439,2024-01-17,2024-05-10T04:49:01
97698455,3535300546,2022-11-14,2024-05-10T02:48:33
36447490,7357758150,2024-08-02,2024-05-10T08:48:49
68936336,4777125030,2022-05-21,2024-05-10T07:19:09
45562769,3421462645,2021-09-02,2024-05-10T20:18:57
15177089,4639718687,2021-09-28,2024-05-10T14:41:02
73343955,6322303931,2023-02-09,2024-05-10T08:00:13
25250368,6238867263,2024-11-20,2024-05-10T05:42:49
51819729,2109579878,2023-07-15,2024-05-10T08:16:54
89988003,3459922457,2022-05-21,2024-05-10T12:29:12
42879710,4256685546,2021-09-26,2024-05-10T07:06:53
56412237,6232499954,2020-09-05,2024-05-10T14:57:49
45560585,9626558221,2022-09-05,2024-05-10T01:04:23
89584619,7969494563,2023-07-11,2024-05-10T09:07:53
34071049,8652757867,2023-09-05,2024-05-10T09:13:06
15108693,4510670990,2024-04-14,2024-05-10T10:21:49
96675844,9523020662,2020-07-19,2024-05-10T05:59:18
31120218,2594024204,2023-04-23,2024-05-10T07:37:29
85217418,5116089320,2022-01-19,2024-05-10T01:56:41
61188950,1520095772,2020-10-19,2024-05-10T04:16:46
40772988,2550601185,2023-10-08,2024-05-10T21:24:14
58412014,7737281091,2023-01-20,2024-05-10T03:01:51
88824633,7950272148,2020-02-03,2024-05-10T06:16:07
78289738,4431809371,2021-04-20,2024-05-10T19:50:31
19512908,6845671541,2024-08-05,2024-05-10T16:00:23
46553257,2199644987,2022-03-01,2024-05-10T07:10:39
24562110,7790017178,2021-04-18,2024-05-10T12:06:34
34559695,1591986469,2022-08-20,2024-05-10T16:57:52
81884768,4068852471,2022-11-27,2024-05-10T15:35:42
97460541,5513090401,2022-08-14,2024-05-10T03:59:42
86426020,6234756199,2021-04-05,2024-05-10T01:53:22
94756467,5495254316,2024-07-26,2024-05-10T05:20:20
81377052,3897403277,2023-02-03,2024-05-10T19:44:30
70362202,9197149685,2023-09-27,2024-05-10T01:33:34
93799201,5685719914,2021-04-23,2024-05-10T18:28:58
98386966,2285766936,2020-02-18,2024-05-10T04:52:32
59573022,2576826651,2024-03-30,2024-05-10T14:30:07
31548701,1053194965,2020-01-26,2024-05-10T17:57:41
60249225,8710599739,2021-09-03,2024-05-10T22:50:09
31608560,3412443997,2021-03-16,2024-05-10T20:06:51
15685580,2606408847,2021-02-06,2024-05-10T15:32:55
91351626,7092583557,2023-10-27,2024-05-10T18:47:15
19736425,6024424062,2021-04-25,2024-05-10T03:36:02
82813062,1255329478,2020-09-20,2024-05-10T03:01:52
60154236,8164583309,2020-06-21,2024-05-10T10:55:31
70528708,1623967337,2020-07-19,2024-05-10T13:15:07
95341546,6482388569,2022-10-27,2024-05-10T22:45:10
65150550,5974547056,2024-06-12,2024-05-10T16:00:14
42425548,7728017613,2020-10-05,2024-05-10T23:17:51
32295386,9803230709,2021-08-03,2024-05-10T11:00:06
53639563,4496936337,2023-04-24,2024-05-10T07:16:00
34091362,9442386865,2020-04-30,2024-05-10T08:19:42
35092314,5372576307,2020-08-26,2024-05-10T21:39:36
98382511,8722817407,2023-02-23,2024-05-10T16:14:01
31925951,3318265015,2021-04-20,2024-05-10T17:27:48
72444657,4797033689,2023-03-26,2024-05-10T19:35:13
84382504,3190939017,2024-05-23,2024-05-10T03:19:26
35880267,7163392998,2020-04-15,2024-05-10T08:27:18
80581940,4197101149,2024-10-05,2024-05-10T09:59:10
17126430,4592037545,2020-11-20,2024-05-10T15:14:23
39592328,5453309942,2020-07-26,2024-05-10T21:17:55
89057709,3879126062,2020-06-11,2024-05-10T15:55:50
38377564,6059198559,2020-12-15,2024-05-10T19:38:19
97607642,2953770272,2021-02-24,2024-05-10T11:05:08
59096921,1214005062,2024-12-31,2024-05-10T22:54:51
15646076,4002806961,2021-05-16,2024-05-10T06:00:19
56258086,6350487579,2024-01-16,2024-05-10T08:35:23
81871535,7273834770,2021-03-11,2024-05-10T00:25:16
58301093,2935844789,2022-03-15,2024-05-10T20:16:01
71211243,8321715518,2024-12-12,2024-05-10T06:45:27
28733558,8972856704,2020-03-25,2024-05-10T18:50:47
90720352,2687322173,2020-10-15,2024-05-10T21:48:38
62104567,2932012524,2021-01-15,2024-05-10T03:57:17
70008487,1395862083,2020-08-30,2024-05-10T09:50:19
39525916,4469113618,2023-04-21,2024-05-10T10:54:01
19934747,7964536911,2020-11-29,2024-05-10T01:34:48
37462339,2043092390,2023-04-25,2024-05-10T05:05:03
99133318,2909054291,2020-01-14,2024-05-10T11:33:14
25436965,4391792756,2020-05-18,2024-05-10T14:01:52
34020807,5075795408,2021-10-04,2024-05-10T11:19:39
92198433,3191909320,2022-01-02,2024-05-10T23:16:23
72458809,2916207264,2024-09-05,2024-05-10T04:15:28
59335520,9698701977,2021-10-05,2024-05-10T10:32:29
13828834,6259041104,2020-08-09,2024-05-10T10:21:37
25519350,1216952552,2021-11-02,2024-05-10T21:18:52
27194982,4325079538,2022-12-16,2024-05-10T08:00:33
16723195,4610252913,2023-04-21,2024-05-10T00:26:09
28196415,3316835741,2022-11-07,2024-05-10T01:26:42
97526983,6368004682,2023-10-24,2024-05-10T05:18:07
51211363,3568842459,2023-04-14,2024-05-10T19:05:51
11889291,7858940144,2020-04-15,2024-05-10T20:22:54
95661175,4582094136,2020-05-08,2024-05-10T22:15:41
69231581,6949716131,2022-08-03,2024-05-10T14:01:18
36606908,3170741672,2023-06-11,2024-05-10T08:00:19
13606118,9422974168,2024-01-15,2024-05-10T22:28:04
55786690,4796899097,2024-01-09,2024-05-10T09:13:13
63254570,3706810400,2020-05-14,2024-05-10T02:19:44
84063783,1214847439,2023-05-28,2024-05-10T08:41:13
83970420,5104307163,2021-08-03,2024-05-10T02:30:16
95679901,5843169636,2024-05-03,2024-05-10T04:42:50
85532320,2958573671,2023-10-04,2024-05-10T09:05:01
52887223,8685076507,2022-05-11,2024-05-10T09:05:44
16248950,2345974850,2020-08-26,2024-05-10T04:46:14
10177392,5804814869,2024-05-19,2024-05-10T23:52:42
11005122,5557021337,2021-06-16,2024-05-10T19:05:02
41408048,7867839201,2023-07-25,2024-05-10T16:27:40
85317650,7064618184,2023-10-28,2024-05-10T23:06:33
73769644,5289694275,2023-07-04,2024-05-10T19:14:44
26872540,1378883882,2021-04-01,2024-05-10T14:56:09
82956566,9400277090,2023-06-08,2024-05-10T11:40:41
27457131,7895148443,2023-08-27,2024-05-10T23:33:44
13091392,9187431066,2023-01-27,2024-05-10T13:26:13
73701021,9795860871,2024-01-04,2024-05-10T21:37:16
19010936,1370743279,2021-09-17,2024-05-10T20:26:08
14498874,6829266489,2022-05-08,2024-05-10T04:03:14
99168803,1588890037,2023-11-15,2024-05-10T14:51:39
12976696,9628611897,2022-10-11,2024-05-10T00:40:56
13037707,8891293633,2020-04-28,2024-05-10T15:21:03
11414014,6173408056,2021-03-24,2024-05-10T06:57:52
91949251,9006996266,2023-08-22,2024-05-10T22:32:28
19922825,3475374613,2024-01-12,2024-05-10T03:36:15
93529907,6708884105,2021-04-16,2024-05-10T12:44:44
21881133,2952267582,2022-03-06,2024-05-10T06:15:27
26712846,6097403980,2023-10-10,2024-05-10T20:12:38
30367399,4526469331,2024-05-31,2024-05-10T15:32:46
66261280,5958794585,2020-01-14,2024-05-10T20:18:09
16196368,7768376840,2024-03-04,2024-05-10T15:02:54
90050079,1017925150,2024-11-04,2024-05-10T09:02:59
54528519,1351910320,2024-10-19,2024-05-10T04:41:45
56545239,2776220955,2020-08-28,2024-05-10T09:29:52
26259351,9510069590,2020-05-18,2024-05-10T10:32:40
68791364,3255637210,2021-04-24,2024-05-10T03:55:54
69593617,8515111477,2023-11-29,2024-05-10T23:28:52
64307774,2820509039,2024-11-27,2024-05-10T03:54:07
29686417,4201368376,2021-05-22,2024-05-10T13:52:01
36759791,5911427187,2024-09-02,2024-05-10T11:48:59
73822786,2749206317,2022-09-04,2024-05-10T04:46:59
53086598,6808628071,2022-12-12,2024-05-10T16:53:26
37382040,4271551049,2021-09-19,2024-05-10T01:12:26
35500481,4063618295,2021-04-04,2024-05-10T21:16:57
24554315,5245591992,2020-04-02,2024-05-10T12:58:38
17116418,9237197079,2021-02-23,2024-05-10T19:54:48
26191245,6467365473,2020-01-01,2024-05-10T17:37:05
80236191,2702659047,2024-09-13,2024-05-10T01:04:28
68289052,8573334574,2021-05-23,2024-05-10T18:55:11
86339448,7341986151,2020-03-04,2024-05-10T15:28:57
62497479,7134028218,2024-11-15,2024-05-10T23:42:31
98345907,7795142025,2023-09-14,2024-05-10T08:05:33
88790972,5207654250,2021-12-28,2024-05-10T16:12:10
13988724,5190125347,2021-10-21,2024-05-10T06:06:25
38060547,3194931372,2021-02-28,2024-05-10T10:18:59
42285638,9748111266,2021-06-15,2024-05-10T09:38:57
55689437,7533954161,2020-02-03,2024-05-10T13:44:57
97880556,2477532622,2021-10-04,2024-05-10T06:59:23
49921415,5350916467,2020-04-13,2024-05-10T18:14:25
28220691,8285421040,2023-10-02,2024-05-10T09:46:25
62281228,1644728267,2021-10-27,2024-05-10T11:10:17
40935127,3030597402,2021-11-25,2024-05-10T20:25:35
61343671,7600232397,2023-10-04,2024-05-10T17:35:54
79055099,4252908890,2020-01-24,2024-05-10T20:35:33
58162903,3917411392,2024-08-14,2024-05-10T07:34:39
81844686,3242332212,2021-06-27,2024-05-10T17:38:15
19122560,8977746021,2020-05-08,2024-05-10T11:10:07
75577122,5045068309,2022-04-04,2024-05-10T10:55:44
26419675,2286443086,2022-10-28,2024-05-10T21:57:53
78735857,5606079631,2021-03-24,2024-05-10T12:35:55
97291302,7358555489,2021-06-21,2024-05-10T18:10:22
42000920,7551385919,2023-01-08,2024-05-10T01:14:07
70220238,2087200203,2024-06-02,2024-05-10T03:58:40
26348555,3373794101,2022-01-16,2024-05-10T20:26:02
76287724,3169702264,2024-08-31,2024-05-10T15:53:08
86777574,8888887502,2023-06-02,2024-05-10T08:31:39
68549832,4278500189,2024-04-01,2024-05-10T21:05:53
98819446,9488697352,2024-07-17,2024-05-10T18:38:42
99926200,1648439682,2024-10-05,2024-05-10T15:12:46
41786949,3053202871,2024-04-18,2024-05-10T08:00:25
86783403,5085878366,2022-04-18,2024-05-10T10:59:58
42554269,5851286034,2024-01-10,2024-05-10T11:55:21
80737768,1927050906,2023-11-29,2024-05-10T19:43:39
36742152,7936863419,2020-04-02,2024-05-10T18:01:33
98438772,5927254604,2021-11-14,2024-05-10T17:44:55
99654376,4328293596,2021-05-30,2024-05-10T20:07:16
81984295,5876869509,2024-03-07,2024-05-10T06:47:56
17075168,8203310596,2024-07-13,2024-05-10T02:11:00
76295022,5598001306,2021-04-20,2024-05-10T18:01:58
50761046,5720171211,2024-04-20,2024-05-10T02:05:40
32239150,4461289203,2022-04-27,2024-05-10T01:01:15
93476125,3108580781,2020-01-21,2024-05-10T05:02:48
16070153,6030103074,2022-03-13,2024-05-10T13:06:18
26832615,9826393432,2021-04-05,2024-05-10T12:33:56
98307772,4009226041,2023-10-12,2024-05-10T20:30:46
18787539,1426095344,2024-11-05,2024-05-10T04:46:19
10957568,2825061822,2022-07-21,2024-05-10T01:40:13
19510535,7675897010,2022-03-15,2024-05-10T17:30:49
10101006,4253183719,2023-02-28,2024-05-10T00:39:14
62618929,7185829416,2020-04-18,2024-05-10T01:58:00
60010396,6584287837,2020-11-12,2024-05-10T23:44:52
25979511,9834592358,2024-01-03,2024-05-10T13:17:46
38201759,9224367858,2020-07-05,2024-05-10T03:08:28
27385333,7145930158,2024-04-13,2024-05-10T21:54:20
74378458,1236117761,2024-11-17,2024-05-10T20:11:22
13813342,7708907927,2023-10-31,2024-05-10T16:40:49
11417926,6913427277,2021-08-10,2024-05-10T00:16:59
71239897,9372992432,2020-10-09,2024-05-10T12:49:51
81180097,3444511895,2023-03-22,2024-05-10T17:46:16
15893726,3950882161,2020-08-28,2024-05-10T21:08:17
33622671,5582143423,2022-12-17,2024-05-10T14:57:37
44464665,7686176728,2023-05-17,2024-05-10T06:56:01
85039575,1905588001,2020-06-24,2024-05-10T14:12:09
66646898,3076392823,2020-02-01,2024-05-10T11:48:34
61119707,9816255333,2022-12-11,2024-05-10T15:22:54
54232591,3645949324,2021-11-26,2024-05-10T00:30:02
81288822,4452604734,2021-01-17,2024-05-10T10:10:53
15886272,8479484921,2022-02-24,2024-05-10T17:16:28
28999945,8765410977,2022-12-03,2024-05-10T18:55:58
93619190,7428834298,2024-01-17,2024-05-10T00:36:58
50424614,9461713345,2024-02-28,2024-05-10T01:11:20
86051862,3464434556,2022-05-28,2024-05-10T09:50:06
29952511,5160187412,2021-10-15,2024-05-10T15:14:34
45797695,2935263102,2024-08-24,2024-05-10T09:28:23
61249490,6556107695,2021-06-01,2024-05-10T22:42:03
72783166,9568066628,2020-06-28,2024-05-10T21:50:25
71698965,8183069470,2024-10-29,2024-05-10T23:23:37
11694414,3990451610,2022-12-11,2024-05-10T20:41:55
48881848,7042687790,2021-07-08,2024-05-10T13:32:55
30772763,8429853760,2023-11-10,2024-05-10T18:03:46
